,datetime,SMN,SMT,VCI,TCI,VHI,0,5,10,15,20,25,30,35,40,45,50,55,60,65,70,75,80,85,90,95,100
0,2007-01-01,0.128,276.46,81.76,0.9,41.33,0.0,0.0,0.36,2.86,5.2,10.45,9.93,9.88,9.31,7.28,44.62,0.1,0.0,0.0,0.0,0.0,0.0,0.0,0.0,0.0,0.0
1,2007-01-08,0.127,276.1,81.77,1.01,41.39,0.0,0.0,0.05,2.08,5.1,9.52,11.86,10.45,10.24,9.1,41.45,0.16,0.0,0.0,0.0,0.0,0.0,0.0,0.0,0.0,0.0
2,2007-01-15,0.13,276.55,82.37,0.95,41.66,0.0,0.0,0.0,1.14,4.21,8.89,12.06,13.21,10.92,9.0,40.41,0.16,0.0,0.0,0.0,0.0,0.0,0.0,0.0,0.0,0.0
3,2007-01-22,0.13699999999999998,277.73,83.57,0.9,42.23,0.0,0.0,0.0,0.68,2.86,8.32,11.39,14.3,11.96,9.83,40.41,0.26,0.0,0.0,0.0,0.0,0.0,0.0,0.0,0.0,0.0
4,2007-01-29,0.138,278.05,82.34,1.88,42.11,0.0,0.0,0.0,0.57,2.55,7.8,13.05,14.82,13.73,11.39,35.67,0.36,0.05,0.0,0.0,0.0,0.0,0.0,0.0,0.0,0.0
5,2007-02-05,0.136,278.21,78.35,4.49,41.42,0.0,0.0,0.0,0.52,2.44,8.94,15.29,16.69,15.7,11.8,27.35,1.2,0.05,0.0,0.0,0.0,0.0,0.0,0.0,0.0,0.0
6,2007-02-12,0.136,278.77,73.62,7.95,40.79,0.0,0.0,0.0,0.26,2.5,9.98,18.15,18.2,16.69,11.86,17.94,4.32,0.1,0.0,0.0,0.0,0.0,0.0,0.0,0.0,0.0
7,2007-02-19,0.14,280.25,71.55,9.72,40.63,0.0,0.0,0.0,0.16,2.08,9.62,18.41,20.64,17.99,12.38,12.17,6.4,0.16,0.0,0.0,0.0,0.0,0.0,0.0,0.0,0.0
8,2007-02-26,0.152,282.49,72.46,9.79,41.13,0.0,0.0,0.0,0.1,1.46,7.8,17.63,21.42,19.29,13.57,11.8,6.71,0.21,0.0,0.0,0.0,0.0,0.0,0.0,0.0,0.0
9,2007-03-05,0.162,285.38,70.33,8.35,39.34,0.0,0.0,0.0,0.16,3.07,11.34,19.19,22.36,16.74,12.48,10.87,3.8,0.0,0.0,0.0,0.0,0.0,0.0,0.0,0.0,0.0
10,2007-03-12,0.175,287.82,70.17,4.32,37.25,0.0,0.0,0.0,0.36,5.62,16.8,21.22,19.71,15.39,10.5,9.0,1.4,0.0,0.0,0.0,0.0,0.0,0.0,0.0,0.0,0.0
11,2007-03-19,0.192,290.11,71.29,3.48,37.39,0.0,0.0,0.0,0.68,5.72,15.96,21.63,19.08,15.18,10.24,9.78,1.72,0.0,0.0,0.0,0.0,0.0,0.0,0.0,0.0,0.0
12,2007-03-26,0.213,292.27,73.52,3.43,38.47,0.0,0.0,0.0,0.31,4.06,13.68,21.53,19.97,15.6,10.61,11.49,2.7,0.05,0.0,0.0,0.0,0.0,0.0,0.0,0.0,0.0
13,2007-04-02,0.231,294.05,73.31,3.39,38.35,0.0,0.0,0.0,0.52,4.11,14.04,19.97,20.96,16.22,11.02,10.61,2.39,0.16,0.0,0.0,0.0,0.0,0.0,0.0,0.0,0.0
14,2007-04-09,0.244,295.4,69.65,5.41,37.53,0.0,0.0,0.1,1.04,5.36,14.98,21.16,21.63,14.77,10.4,6.81,2.96,0.78,0.0,0.0,0.0,0.0,0.0,0.0,0.0,0.0
15,2007-04-16,0.265,297.27,67.33,6.28,36.8,0.0,0.0,0.31,1.92,6.14,16.59,22.78,19.19,13.52,8.84,6.19,2.6,1.46,0.47,0.0,0.0,0.0,0.0,0.0,0.0,0.0
16,2007-04-23,0.28600000000000003,299.59,65.09,4.86,34.98,0.0,0.1,0.73,3.43,8.37,20.54,22.72,17.52,11.23,6.45,4.94,1.87,1.4,0.47,0.21,0.0,0.0,0.0,0.0,0.0,0.0
17,2007-04-30,0.299,301.66,61.01,3.52,32.27,0.05,0.31,1.82,5.56,12.95,24.13,20.59,16.33,8.94,4.16,2.55,1.56,0.68,0.16,0.16,0.05,0.0,0.0,0.0,0.0,0.0
18,2007-05-07,0.305,303.5,53.44,2.09,27.76,0.26,1.61,4.94,11.49,20.49,23.5,18.51,10.35,4.73,2.39,0.78,0.52,0.21,0.16,0.0,0.05,0.0,0.0,0.0,0.0,0.0
19,2007-05-14,0.304,305.04,43.57,1.29,22.43,2.24,5.93,12.12,18.77,23.35,18.62,11.34,4.63,1.61,0.94,0.31,0.0,0.1,0.05,0.0,0.0,0.0,0.0,0.0,0.0,0.0
20,2007-05-21,0.29600000000000004,306.43,33.11,0.58,16.84,10.5,13.73,18.04,20.8,18.62,11.34,4.47,1.56,0.73,0.16,0.05,0.0,0.0,0.0,0.0,0.0,0.0,0.0,0.0,0.0,0.0
21,2007-05-28,0.28300000000000003,307.54,22.52,0.35,11.44,27.3,19.14,20.8,15.44,10.14,4.89,1.25,0.88,0.16,0.0,0.0,0.0,0.0,0.0,0.0,0.0,0.0,0.0,0.0,0.0,0.0
22,2007-06-04,0.266,308.06,14.6,0.96,7.78,47.11,18.98,15.55,9.26,5.62,1.87,1.09,0.36,0.1,0.05,0.0,0.0,0.0,0.0,0.0,0.0,0.0,0.0,0.0,0.0,0.0
23,2007-06-11,0.255,308.21,10.81,2.07,6.44,57.1,15.7,11.8,7.44,4.32,2.18,0.94,0.42,0.05,0.0,0.0,0.05,0.0,0.0,0.0,0.0,0.0,0.0,0.0,0.0,0.0
24,2007-06-18,0.24600000000000002,308.48,9.41,2.82,6.12,59.13,16.22,10.4,6.81,4.26,1.56,0.99,0.42,0.16,0.0,0.0,0.05,0.0,0.0,0.0,0.0,0.0,0.0,0.0,0.0,0.0
25,2007-06-25,0.239,309.0,9.56,2.65,6.11,59.49,15.44,11.6,6.08,3.64,2.13,1.04,0.36,0.16,0.0,0.0,0.0,0.05,0.0,0.0,0.0,0.0,0.0,0.0,0.0,0.0
26,2007-07-02,0.233,309.74,10.48,1.4,5.94,59.23,16.12,12.06,5.88,3.8,1.61,0.88,0.16,0.21,0.0,0.0,0.05,0.0,0.0,0.0,0.0,0.0,0.0,0.0,0.0,0.0
27,2007-07-09,0.226,309.95,11.75,0.96,6.36,55.85,17.16,13.05,7.07,4.52,1.09,0.73,0.21,0.21,0.05,0.0,0.05,0.0,0.0,0.0,0.0,0.0,0.0,0.0,0.0,0.0
28,2007-07-16,0.223,309.7,14.19,1.02,7.61,48.0,19.24,13.26,10.45,5.46,2.34,0.52,0.21,0.21,0.26,0.05,0.0,0.0,0.0,0.0,0.0,0.0,0.0,0.0,0.0,0.0
29,2007-07-23,0.22,309.29,17.65,1.25,9.45,40.56,17.0,17.47,11.08,7.54,3.85,1.3,0.52,0.16,0.26,0.16,0.1,0.0,0.0,0.0,0.0,0.0,0.0,0.0,0.0,0.0
30,2007-07-30,0.218,308.65,21.06,2.35,11.7,35.36,15.03,15.13,13.52,8.74,5.46,3.07,2.03,0.78,0.26,0.26,0.21,0.16,0.0,0.0,0.0,0.0,0.0,0.0,0.0,0.0
31,2007-08-06,0.218,307.71,25.58,4.96,15.27,30.16,13.78,11.44,11.44,10.71,7.02,4.94,3.9,3.22,1.46,1.04,0.36,0.31,0.1,0.1,0.0,0.0,0.0,0.0,0.0,0.0
32,2007-08-13,0.218,306.54,30.04,10.03,20.04,24.08,11.75,11.6,9.46,8.84,7.44,5.77,5.72,4.73,4.11,2.44,2.13,1.09,0.36,0.31,0.16,0.0,0.0,0.0,0.0,0.0
33,2007-08-20,0.21899999999999997,305.26,35.34,15.13,25.24,18.82,8.63,11.02,9.93,8.58,7.07,5.62,5.36,4.89,4.89,4.58,2.96,3.48,2.13,1.4,0.36,0.26,0.0,0.0,0.0,0.0
34,2007-08-27,0.222,303.69,41.69,18.5,30.09,14.56,7.33,8.37,10.5,9.05,7.18,5.62,5.15,5.25,5.2,4.47,3.64,3.54,3.85,3.28,1.92,0.73,0.31,0.05,0.0,0.0
35,2007-09-03,0.22399999999999998,301.54,46.59,20.71,33.65,9.98,6.86,7.28,8.53,9.62,7.9,7.28,5.72,5.41,4.63,5.2,4.99,4.26,4.37,4.37,2.34,0.83,0.36,0.05,0.0,0.0
36,2007-09-10,0.22699999999999998,299.5,52.58,21.51,37.04,5.62,5.72,6.4,7.85,8.16,8.74,7.96,6.24,7.59,5.62,4.94,4.73,6.66,6.55,4.42,2.18,0.52,0.05,0.05,0.0,0.0
37,2007-09-17,0.23399999999999999,297.79,60.18,21.26,40.72,2.96,3.59,5.25,6.81,7.85,8.22,8.27,6.81,7.23,6.08,7.64,6.19,6.66,8.11,6.19,1.51,0.52,0.1,0.0,0.0,0.0
38,2007-09-24,0.23800000000000002,295.93,66.0,21.38,43.69,2.08,2.13,4.11,5.82,7.12,7.54,7.96,7.85,6.45,7.59,7.54,6.71,7.85,9.46,6.24,2.24,1.04,0.16,0.1,0.0,0.0
39,2007-10-01,0.244,293.99,71.79,18.74,45.26,0.83,2.08,3.22,5.36,7.23,6.92,6.6,7.64,8.22,6.29,8.84,9.36,8.94,9.72,4.99,2.86,0.68,0.1,0.1,0.0,0.0
40,2007-10-08,0.245,291.17,75.59,20.68,48.14,0.1,1.04,2.24,4.63,6.29,7.18,5.2,6.34,8.11,7.49,8.27,11.08,11.7,9.62,7.12,2.91,0.52,0.1,0.05,0.0,0.0
41,2007-10-15,0.24100000000000002,287.9,77.78,24.85,51.31,0.0,0.1,0.94,2.03,4.11,6.66,6.29,6.66,6.76,7.54,9.93,13.47,12.38,12.17,6.92,3.12,0.83,0.0,0.1,0.0,0.0
42,2007-10-22,0.24,284.73,79.85,29.4,54.62,0.0,0.0,0.05,0.47,1.4,3.85,5.2,6.08,7.54,8.63,9.52,15.6,18.67,12.74,7.33,2.29,0.57,0.0,0.05,0.0,0.0
43,2007-10-29,0.23600000000000002,282.05,82.03,27.76,54.9,0.0,0.0,0.0,0.16,1.14,1.92,4.78,5.82,6.81,8.58,10.3,21.11,21.27,11.91,4.94,1.14,0.05,0.05,0.0,0.0,0.0
44,2007-11-05,0.22899999999999998,279.47,84.26,28.81,56.54,0.0,0.0,0.0,0.1,0.68,1.77,2.65,4.47,6.5,7.18,10.56,17.78,28.39,15.76,3.33,0.83,0.0,0.0,0.0,0.0,0.0
45,2007-11-12,0.21899999999999997,277.21,85.73,29.15,57.44,0.0,0.0,0.0,0.05,0.62,1.51,1.92,3.74,5.41,6.6,9.83,19.24,30.42,15.81,4.21,0.62,0.0,0.0,0.0,0.0,0.0
46,2007-11-19,0.201,274.96,84.6,30.23,57.42,0.0,0.0,0.0,0.1,0.78,1.09,1.92,3.43,5.25,7.23,11.86,20.12,27.25,14.46,5.36,1.14,0.0,0.0,0.0,0.0,0.0
47,2007-11-26,0.175,272.56,81.27,32.81,57.04,0.0,0.0,0.0,0.16,0.57,1.2,2.03,3.8,6.24,8.53,13.31,19.14,22.88,14.4,5.93,1.56,0.21,0.05,0.0,0.0,0.0
48,2007-12-03,0.13699999999999998,269.59,70.62,36.95,53.79,0.0,0.0,0.0,0.26,0.62,1.72,3.02,5.72,9.0,12.9,17.06,19.34,17.11,8.79,2.81,1.2,0.36,0.05,0.05,0.0,0.0
49,2007-12-10,0.11199999999999999,267.49,62.98,37.36,50.17,0.0,0.0,0.05,0.21,0.94,2.55,4.52,9.41,13.88,15.96,17.84,15.44,12.48,4.89,1.46,0.26,0.05,0.05,0.0,0.0,0.0
50,2007-12-17,0.10400000000000001,266.81,64.1,34.74,49.42,0.0,0.0,0.05,0.31,0.73,2.6,5.67,11.49,15.5,14.98,15.13,14.14,12.38,5.62,1.3,0.1,0.0,0.0,0.0,0.0,0.0
51,2007-12-24,0.10400000000000001,267.1,66.47,30.98,48.72,0.0,0.0,0.0,0.21,0.62,3.33,8.27,13.78,12.58,13.88,12.79,15.29,13.68,5.04,0.52,0.0,0.0,0.0,0.0,0.0,0.0
52,2007-12-31,0.11199999999999999,268.31,72.76,26.93,49.85,0.0,0.0,0.0,0.16,0.57,2.39,7.9,11.34,11.8,12.06,13.0,20.18,17.73,2.76,0.05,0.05,0.0,0.0,0.0,0.0,0.0
53,2008-01-07,0.122,269.94,79.19,20.47,49.83,0.0,0.0,0.0,0.05,0.42,2.44,7.18,10.09,10.56,11.34,17.06,29.75,10.3,0.78,0.05,0.0,0.0,0.0,0.0,0.0,0.0
54,2008-01-14,0.13,271.47,82.44,15.83,49.14,0.0,0.0,0.0,0.0,0.47,2.7,6.86,9.31,10.45,11.13,24.75,30.21,4.06,0.05,0.0,0.0,0.0,0.0,0.0,0.0,0.0
55,2008-01-21,0.13699999999999998,273.08,83.74,13.46,48.6,0.0,0.0,0.0,0.0,0.21,3.33,6.92,9.05,11.65,11.18,27.35,29.33,0.99,0.0,0.0,0.0,0.0,0.0,0.0,0.0,0.0
56,2008-01-28,0.14400000000000002,274.62,85.72,11.01,48.37,0.0,0.0,0.0,0.0,0.21,2.91,6.45,9.2,11.23,12.12,36.19,21.37,0.31,0.0,0.0,0.0,0.0,0.0,0.0,0.0,0.0
57,2008-02-04,0.153,276.34,87.43,9.6,48.52,0.0,0.0,0.0,0.0,0.0,2.08,5.3,9.62,12.32,12.64,39.16,18.72,0.16,0.0,0.0,0.0,0.0,0.0,0.0,0.0,0.0
58,2008-02-11,0.159,277.67,85.59,11.01,48.3,0.0,0.0,0.0,0.0,0.16,1.35,5.41,11.13,14.14,14.51,31.25,21.42,0.62,0.0,0.0,0.0,0.0,0.0,0.0,0.0,0.0
59,2008-02-18,0.16399999999999998,279.48,82.77,11.83,47.3,0.0,0.0,0.0,0.0,0.16,2.13,7.02,12.53,15.91,15.13,27.46,18.41,1.25,0.0,0.0,0.0,0.0,0.0,0.0,0.0,0.0
60,2008-02-25,0.17300000000000001,282.29,82.23,10.34,46.28,0.0,0.0,0.0,0.0,0.31,2.86,7.96,12.43,17.06,18.77,26.05,13.42,1.14,0.0,0.0,0.0,0.0,0.0,0.0,0.0,0.0
61,2008-03-03,0.182,284.01,79.66,12.35,46.0,0.0,0.0,0.0,0.0,0.42,2.91,7.7,14.09,18.25,19.81,21.84,13.57,1.35,0.05,0.0,0.0,0.0,0.0,0.0,0.0,0.0
62,2008-03-10,0.192,285.39,77.96,12.07,45.01,0.0,0.0,0.0,0.0,0.62,3.48,9.15,15.86,19.6,17.94,20.96,10.82,1.56,0.0,0.0,0.0,0.0,0.0,0.0,0.0,0.0
63,2008-03-17,0.209,286.66,78.53,15.24,46.89,0.0,0.0,0.0,0.0,0.26,2.13,6.34,13.26,19.24,20.23,18.41,16.22,3.64,0.26,0.0,0.0,0.0,0.0,0.0,0.0,0.0
64,2008-03-24,0.24100000000000002,288.44,84.5,17.42,50.96,0.0,0.0,0.0,0.0,0.05,0.57,2.86,7.23,13.31,17.68,22.52,24.08,10.4,1.2,0.1,0.0,0.0,0.0,0.0,0.0,0.0
65,2008-03-31,0.27899999999999997,290.96,91.19,15.79,53.49,0.0,0.0,0.0,0.0,0.0,0.26,1.14,3.33,8.89,13.78,22.62,33.96,13.78,2.08,0.16,0.0,0.0,0.0,0.0,0.0,0.0
66,2008-04-07,0.313,292.62,93.72,18.34,56.03,0.0,0.0,0.0,0.0,0.0,0.16,0.57,1.04,5.67,10.35,17.26,37.34,22.26,4.89,0.42,0.05,0.0,0.0,0.0,0.0,0.0
67,2008-04-14,0.34600000000000003,293.85,95.02,26.67,60.85,0.0,0.0,0.0,0.0,0.0,0.1,0.21,0.52,1.77,5.2,10.87,22.52,31.77,18.25,6.76,1.82,0.1,0.05,0.05,0.0,0.0
68,2008-04-21,0.375,294.93,95.58,39.74,67.66,0.0,0.0,0.0,0.0,0.0,0.05,0.1,0.26,0.26,2.13,5.15,9.15,17.26,26.0,20.8,11.75,4.78,1.82,0.36,0.1,0.0
69,2008-04-28,0.397,295.75,95.27,51.93,73.6,0.0,0.0,0.0,0.0,0.0,0.0,0.16,0.1,0.31,0.62,2.13,5.1,8.37,16.02,20.7,21.84,14.46,6.5,3.02,0.52,0.16
70,2008-05-05,0.415,296.82,94.85,59.69,77.27,0.0,0.0,0.0,0.0,0.0,0.0,0.1,0.16,0.21,0.42,1.72,2.96,6.24,10.71,14.72,21.06,19.55,13.52,5.82,2.08,0.73
71,2008-05-12,0.41600000000000004,296.65,89.73,71.96,80.85,0.0,0.0,0.0,0.0,0.0,0.0,0.05,0.16,0.0,0.36,0.83,2.29,4.32,8.22,11.96,15.44,17.84,16.8,14.72,5.04,1.98
72,2008-05-19,0.419,297.79,88.87,68.82,78.84,0.0,0.0,0.0,0.0,0.0,0.0,0.05,0.1,0.1,0.36,1.25,3.54,5.62,9.46,13.57,16.8,17.58,16.64,10.56,3.02,1.35
73,2008-05-26,0.42100000000000004,299.54,89.33,59.32,74.32,0.0,0.0,0.0,0.0,0.0,0.0,0.1,0.05,0.42,1.2,2.7,4.63,9.36,12.22,16.69,20.96,17.73,10.09,3.22,0.57,0.05
74,2008-06-02,0.414,300.4,87.25,55.17,71.21,0.0,0.0,0.0,0.0,0.0,0.0,0.1,0.57,0.42,2.03,4.73,6.76,10.61,15.55,18.1,20.85,14.66,4.84,0.57,0.21,0.0
75,2008-06-09,0.40299999999999997,300.92,83.86,53.95,68.91,0.0,0.0,0.0,0.0,0.0,0.05,0.31,0.73,1.61,3.85,5.82,8.22,12.84,15.55,16.85,18.51,11.75,3.33,0.57,0.0,0.0
76,2008-06-16,0.39299999999999996,301.38,80.53,54.01,67.27,0.0,0.0,0.0,0.0,0.05,0.16,0.57,1.66,2.5,4.94,7.07,8.89,15.03,13.88,14.66,14.72,10.97,4.32,0.42,0.16,0.0
77,2008-06-23,0.384,302.15,77.66,51.22,64.44,0.0,0.0,0.0,0.05,0.16,0.62,1.46,2.6,3.54,6.66,9.26,12.12,12.01,13.1,12.74,13.1,9.67,2.65,0.21,0.05,0.0
78,2008-06-30,0.37200000000000005,302.75,73.16,49.27,61.22,0.0,0.0,0.0,0.1,0.57,1.09,2.08,4.0,5.67,9.15,10.92,11.65,12.74,11.49,10.5,11.65,6.6,1.66,0.1,0.0,0.0
79,2008-07-07,0.35700000000000004,302.94,67.95,48.29,58.12,0.0,0.0,0.21,0.21,0.83,1.87,3.43,6.24,6.92,9.41,11.39,13.0,11.65,10.87,9.31,9.26,4.47,0.83,0.1,0.0,0.0
80,2008-07-14,0.34700000000000003,303.46,66.05,44.21,55.13,0.0,0.1,0.26,0.94,1.46,3.38,5.3,6.55,8.01,10.71,10.82,12.06,11.6,9.36,8.89,7.07,3.12,0.36,0.0,0.0,0.0
81,2008-07-21,0.33399999999999996,304.16,64.99,37.34,51.17,0.05,0.31,0.88,1.61,2.96,4.06,7.38,7.23,10.35,10.4,11.18,12.17,10.4,8.32,7.18,4.52,0.78,0.21,0.0,0.0,0.0
82,2008-07-28,0.314,304.13,62.94,34.56,48.75,0.1,0.68,1.46,2.18,4.0,5.93,7.85,8.89,10.24,9.62,10.19,11.91,8.32,7.96,6.45,3.12,0.99,0.1,0.0,0.0,0.0
83,2008-08-04,0.297,304.4,62.42,29.05,45.74,0.21,1.4,2.5,3.69,4.94,7.8,8.11,8.68,10.4,8.63,10.4,10.56,7.85,7.12,5.15,1.92,0.52,0.1,0.0,0.0,0.0
84,2008-08-11,0.272,305.16,57.09,20.18,38.64,1.14,2.81,4.37,6.08,7.64,8.53,11.44,10.71,9.88,10.3,9.57,7.64,5.04,3.38,1.09,0.26,0.1,0.0,0.0,0.0,0.0
85,2008-08-18,0.248,304.91,50.39,17.38,33.88,2.5,4.21,5.46,8.06,9.88,11.96,11.91,10.82,9.57,8.16,7.64,4.94,2.7,1.61,0.47,0.1,0.0,0.0,0.0,0.0,0.0
86,2008-08-25,0.22699999999999998,303.8,44.88,16.73,30.81,3.48,4.78,6.71,9.98,11.08,13.88,12.32,10.4,7.54,8.68,5.36,3.17,1.77,0.57,0.21,0.05,0.0,0.0,0.0,0.0,0.0
87,2008-09-01,0.20800000000000002,301.8,39.08,17.63,28.36,3.74,5.1,6.81,12.95,13.88,14.35,12.53,10.09,8.11,6.03,3.02,2.34,0.68,0.31,0.0,0.0,0.05,0.0,0.0,0.0,0.0
88,2008-09-08,0.18899999999999997,298.93,33.45,26.48,29.96,1.09,3.22,7.28,10.97,14.4,15.39,14.3,11.86,8.89,5.93,3.59,1.87,0.83,0.26,0.05,0.0,0.05,0.0,0.0,0.0,0.0
89,2008-09-15,0.17800000000000002,296.35,32.2,34.81,33.51,0.1,0.99,3.8,8.27,11.08,15.65,16.64,15.6,11.54,7.12,4.78,2.76,0.99,0.36,0.21,0.1,0.0,0.0,0.0,0.0,0.0
90,2008-09-22,0.17600000000000002,294.62,36.18,33.89,35.04,0.05,0.36,2.34,5.88,10.14,14.2,19.29,16.28,13.52,8.16,4.78,2.86,1.56,0.36,0.1,0.05,0.05,0.0,0.0,0.0,0.0
91,2008-09-29,0.17800000000000002,292.89,42.0,29.38,35.69,0.0,0.26,1.35,5.3,9.15,14.51,17.78,18.77,14.77,7.9,5.62,2.91,1.09,0.42,0.16,0.0,0.0,0.0,0.0,0.0,0.0
92,2008-10-06,0.182,291.18,48.71,20.1,34.41,0.0,0.16,1.25,4.26,11.86,17.11,19.14,19.24,11.96,8.53,4.06,1.66,0.57,0.21,0.0,0.0,0.0,0.0,0.0,0.0,0.0
93,2008-10-13,0.185,289.66,54.72,7.53,31.13,0.0,0.1,1.2,5.1,18.25,23.19,22.83,14.77,8.53,3.9,1.46,0.47,0.21,0.0,0.0,0.0,0.0,0.0,0.0,0.0,0.0
94,2008-10-20,0.187,287.9,59.44,3.7,31.57,0.0,0.0,0.42,3.48,14.51,26.68,24.96,16.85,8.27,3.07,1.46,0.26,0.05,0.0,0.0,0.0,0.0,0.0,0.0,0.0,0.0
95,2008-10-27,0.184,285.34,61.99,5.61,33.8,0.0,0.0,0.16,2.81,10.56,20.59,24.7,19.03,13.05,5.41,2.76,0.78,0.16,0.0,0.0,0.0,0.0,0.0,0.0,0.0,0.0
96,2008-11-03,0.17800000000000002,283.02,64.29,7.6,35.94,0.0,0.0,0.21,2.29,7.59,17.42,20.64,20.18,15.55,9.15,4.63,2.03,0.31,0.0,0.0,0.0,0.0,0.0,0.0,0.0,0.0
97,2008-11-10,0.165,281.03,63.75,8.03,35.89,0.0,0.05,0.31,2.55,8.89,17.0,21.01,16.95,15.55,9.05,5.77,2.6,0.26,0.0,0.0,0.0,0.0,0.0,0.0,0.0,0.0
98,2008-11-17,0.153,279.07,63.86,8.39,36.12,0.0,0.05,0.47,2.7,9.57,16.38,18.62,17.68,14.61,10.14,6.81,2.76,0.21,0.0,0.0,0.0,0.0,0.0,0.0,0.0,0.0
99,2008-11-24,0.138,276.52,63.15,13.2,38.18,0.0,0.0,0.47,1.35,5.77,12.79,19.5,19.97,15.13,11.8,8.32,4.42,0.47,0.0,0.0,0.0,0.0,0.0,0.0,0.0,0.0
100,2008-12-01,0.122,274.03,62.06,17.32,39.69,0.0,0.0,0.1,0.83,3.07,10.82,17.84,22.46,17.73,11.13,9.72,5.04,1.14,0.1,0.0,0.0,0.0,0.0,0.0,0.0,0.0
101,2008-12-08,0.10400000000000001,271.46,57.67,21.23,39.45,0.0,0.0,0.1,0.47,3.59,10.66,19.29,21.79,17.73,11.91,7.7,5.3,1.4,0.05,0.0,0.0,0.0,0.0,0.0,0.0,0.0
102,2008-12-15,0.094,269.4,56.78,25.26,41.02,0.0,0.0,0.0,0.16,1.56,8.27,17.94,20.85,20.02,13.05,9.31,6.76,2.03,0.05,0.0,0.0,0.0,0.0,0.0,0.0,0.0
103,2008-12-22,0.09,268.25,56.63,27.3,41.96,0.0,0.0,0.0,0.05,0.99,6.66,16.85,20.9,19.76,13.05,10.82,8.58,2.24,0.1,0.0,0.0,0.0,0.0,0.0,0.0,0.0
104,2008-12-29,0.083,266.53,53.18,32.77,42.98,0.0,0.0,0.0,0.0,0.42,3.33,13.42,24.44,21.94,15.76,9.0,8.01,3.12,0.57,0.0,0.0,0.0,0.0,0.0,0.0,0.0
105,2009-01-05,0.077,265.35,50.32,35.2,42.76,0.0,0.0,0.0,0.0,0.68,3.38,12.22,23.76,24.39,16.17,10.71,6.19,1.82,0.62,0.05,0.0,0.0,0.0,0.0,0.0,0.0
106,2009-01-12,0.073,265.07,47.42,34.76,41.09,0.0,0.0,0.0,0.0,1.2,5.2,15.03,26.83,23.56,14.98,7.49,4.11,1.35,0.21,0.05,0.0,0.0,0.0,0.0,0.0,0.0
107,2009-01-19,0.07200000000000001,265.25,45.33,34.72,40.03,0.0,0.0,0.0,0.0,1.66,6.24,17.63,29.02,22.83,11.44,6.81,3.07,1.09,0.21,0.0,0.0,0.0,0.0,0.0,0.0,0.0
108,2009-01-26,0.077,266.71,47.87,32.2,40.03,0.0,0.0,0.0,0.16,1.4,5.56,17.21,29.59,23.92,11.6,6.19,3.64,0.57,0.16,0.0,0.0,0.0,0.0,0.0,0.0,0.0
109,2009-02-02,0.08900000000000001,269.17,52.45,29.11,40.78,0.0,0.0,0.0,0.0,0.73,4.06,15.44,28.24,27.93,11.91,7.7,3.43,0.57,0.0,0.0,0.0,0.0,0.0,0.0,0.0,0.0
110,2009-02-09,0.10300000000000001,271.85,56.46,27.04,41.75,0.0,0.0,0.0,0.0,0.16,2.44,12.32,27.2,30.42,15.13,8.42,3.33,0.52,0.05,0.0,0.0,0.0,0.0,0.0,0.0,0.0
111,2009-02-16,0.11699999999999999,274.49,59.89,25.49,42.69,0.0,0.0,0.0,0.0,0.05,1.14,10.4,25.69,29.59,18.15,9.98,4.52,0.47,0.0,0.0,0.0,0.0,0.0,0.0,0.0,0.0
112,2009-02-23,0.128,276.41,61.28,27.17,44.23,0.0,0.0,0.0,0.0,0.0,0.31,5.25,21.79,32.29,21.22,11.8,6.29,1.04,0.0,0.0,0.0,0.0,0.0,0.0,0.0,0.0
113,2009-03-02,0.141,278.94,61.09,27.5,44.3,0.0,0.0,0.0,0.0,0.0,0.57,6.55,20.9,29.07,22.2,12.69,7.12,0.88,0.0,0.0,0.0,0.0,0.0,0.0,0.0,0.0
114,2009-03-09,0.156,281.83,62.1,23.75,42.92,0.0,0.0,0.0,0.0,0.26,3.12,11.02,21.53,26.31,19.55,11.39,6.08,0.73,0.0,0.0,0.0,0.0,0.0,0.0,0.0,0.0
115,2009-03-16,0.177,285.15,64.76,20.66,42.71,0.0,0.0,0.0,0.0,0.73,5.15,12.22,18.88,23.61,19.81,12.22,6.66,0.73,0.0,0.0,0.0,0.0,0.0,0.0,0.0,0.0
116,2009-03-23,0.209,289.24,71.87,14.69,43.28,0.0,0.0,0.0,0.1,0.73,4.58,11.02,18.41,22.41,20.23,15.5,5.98,0.94,0.1,0.0,0.0,0.0,0.0,0.0,0.0,0.0
117,2009-03-30,0.24100000000000002,292.45,76.73,9.97,43.35,0.0,0.0,0.0,0.1,0.73,3.43,11.6,18.62,23.19,20.07,14.87,6.34,0.94,0.1,0.0,0.0,0.0,0.0,0.0,0.0,0.0
118,2009-04-06,0.26899999999999996,294.97,78.51,7.51,43.01,0.0,0.0,0.0,0.05,0.68,4.68,12.01,19.66,21.22,19.34,15.86,5.25,0.99,0.26,0.0,0.0,0.0,0.0,0.0,0.0,0.0
119,2009-04-13,0.293,296.47,76.89,10.99,43.94,0.0,0.0,0.0,0.05,0.88,4.37,10.76,18.93,19.19,19.71,15.55,7.49,2.44,0.57,0.05,0.0,0.0,0.0,0.0,0.0,0.0
120,2009-04-20,0.312,297.01,74.28,23.83,49.06,0.0,0.0,0.0,0.0,0.52,1.82,5.67,10.4,15.91,19.03,18.88,13.94,8.22,4.11,1.2,0.31,0.0,0.0,0.0,0.0,0.0
121,2009-04-27,0.33399999999999996,297.89,73.61,34.06,53.84,0.0,0.0,0.0,0.0,0.26,0.94,2.81,5.46,10.56,16.69,17.26,17.78,12.69,9.31,4.26,1.66,0.21,0.1,0.0,0.0,0.0
122,2009-05-04,0.35700000000000004,298.9,73.22,41.32,57.27,0.0,0.0,0.0,0.0,0.16,0.73,1.98,4.63,8.53,11.39,14.98,16.02,14.35,13.1,7.33,4.37,1.87,0.47,0.1,0.0,0.0
123,2009-05-11,0.374,299.76,72.49,45.35,58.92,0.0,0.0,0.0,0.0,0.21,0.47,1.66,4.58,7.7,9.36,13.62,15.44,14.56,13.21,9.2,5.46,2.81,1.56,0.1,0.05,0.0
124,2009-05-18,0.385,300.58,73.35,46.41,59.88,0.0,0.0,0.0,0.0,0.05,0.52,1.56,4.52,7.07,8.68,11.96,14.98,16.22,12.17,9.62,7.44,3.12,1.82,0.26,0.0,0.0
125,2009-05-25,0.387,301.42,73.1,45.28,59.19,0.0,0.0,0.0,0.0,0.16,1.04,1.56,4.0,7.28,10.45,12.17,14.35,14.77,13.36,9.83,7.23,2.5,1.04,0.26,0.0,0.0
126,2009-06-01,0.382,302.55,71.9,39.79,55.85,0.0,0.0,0.0,0.21,0.62,1.87,3.12,5.41,8.74,12.22,12.69,14.72,14.46,12.79,8.22,3.43,1.2,0.31,0.0,0.0,0.0
127,2009-06-08,0.37,303.2,67.97,37.59,52.78,0.0,0.0,0.0,0.31,1.25,2.34,4.26,7.12,10.66,13.31,15.08,16.43,13.68,9.1,4.32,1.72,0.31,0.1,0.0,0.0,0.0
128,2009-06-15,0.36,303.71,64.89,37.03,50.96,0.0,0.0,0.1,0.31,1.4,1.92,4.73,9.1,11.18,17.0,16.9,16.17,9.67,7.07,2.91,1.14,0.31,0.05,0.0,0.0,0.0
129,2009-06-22,0.353,304.17,63.7,36.69,50.2,0.0,0.0,0.05,0.21,1.4,1.72,5.25,9.31,13.47,18.04,17.26,14.2,9.52,5.62,2.86,0.78,0.31,0.0,0.0,0.0,0.0
130,2009-06-29,0.345,304.31,61.62,38.34,49.98,0.0,0.0,0.0,0.16,0.99,2.7,5.3,9.93,14.61,16.74,16.43,13.78,9.78,5.56,2.6,0.99,0.42,0.0,0.0,0.0,0.0
131,2009-07-06,0.335,304.18,59.07,39.67,49.37,0.0,0.0,0.0,0.16,1.56,2.91,6.24,11.28,13.94,16.02,16.33,12.69,8.94,5.77,2.81,1.09,0.26,0.0,0.0,0.0,0.0
132,2009-07-13,0.326,303.93,58.04,40.89,49.46,0.0,0.0,0.0,0.52,1.92,3.22,7.23,10.87,13.57,15.03,14.82,12.53,8.94,5.88,3.54,1.51,0.31,0.1,0.0,0.0,0.0
133,2009-07-20,0.317,303.78,58.19,40.07,49.13,0.0,0.0,0.16,0.73,2.39,4.26,7.23,10.35,13.94,13.73,13.42,12.43,9.26,5.88,3.69,1.92,0.57,0.05,0.0,0.0,0.0
134,2009-07-27,0.307,304.02,59.56,35.44,47.5,0.0,0.0,0.26,1.92,3.02,5.3,8.84,11.13,13.16,13.99,12.32,10.56,8.37,5.56,3.28,1.72,0.57,0.0,0.0,0.0,0.0
135,2009-08-03,0.293,304.13,60.32,31.31,45.82,0.0,0.21,0.94,2.03,3.8,7.23,9.31,11.65,14.04,12.32,11.65,9.05,8.01,4.68,2.96,1.56,0.57,0.0,0.0,0.0,0.0
136,2009-08-10,0.27699999999999997,304.2,59.07,27.79,43.43,0.05,0.36,1.82,3.33,6.08,8.63,9.57,12.95,11.8,12.17,10.24,8.11,6.29,4.47,2.5,1.09,0.52,0.0,0.0,0.0,0.0
137,2009-08-17,0.26,303.77,56.04,26.84,41.44,0.16,1.14,2.65,4.63,7.7,8.74,10.66,11.8,10.76,11.65,10.35,6.92,5.62,3.8,1.92,1.14,0.31,0.05,0.0,0.0,0.0
138,2009-08-24,0.242,302.89,52.18,24.81,38.49,0.42,1.92,4.0,5.72,9.26,10.14,10.35,11.7,10.97,11.44,9.0,6.34,4.42,2.55,1.35,0.26,0.16,0.0,0.0,0.0,0.0
139,2009-08-31,0.22399999999999998,301.61,47.18,19.5,33.34,0.68,3.12,6.08,8.84,11.6,11.54,12.74,12.32,11.23,9.72,5.98,3.95,1.3,0.52,0.36,0.0,0.0,0.0,0.0,0.0,0.0
140,2009-09-07,0.207,299.79,42.79,18.5,30.65,1.4,3.17,8.01,11.54,11.96,12.53,12.95,13.1,10.76,7.49,4.06,1.66,0.88,0.31,0.1,0.05,0.0,0.0,0.0,0.0,0.0
141,2009-09-14,0.191,297.37,39.4,24.79,32.09,1.51,3.22,6.6,9.98,11.7,11.8,12.43,12.58,12.17,7.64,5.46,2.44,1.72,0.57,0.16,0.0,0.0,0.0,0.0,0.0,0.0
142,2009-09-21,0.177,295.29,36.75,27.02,31.89,1.82,3.48,7.23,10.61,12.17,11.28,11.54,12.64,10.19,7.54,5.56,3.33,1.4,1.09,0.1,0.0,0.0,0.0,0.0,0.0,0.0
143,2009-09-28,0.16899999999999998,293.53,37.16,22.7,29.93,1.77,5.1,8.94,11.96,12.64,12.79,10.92,10.71,9.2,6.55,4.47,2.29,1.82,0.62,0.16,0.05,0.0,0.0,0.0,0.0,0.0
144,2009-10-05,0.158,290.72,37.19,24.95,31.07,0.62,4.58,8.11,10.71,13.05,12.74,11.49,11.18,9.98,8.06,4.68,2.44,1.56,0.57,0.1,0.1,0.0,0.0,0.0,0.0,0.0
145,2009-10-12,0.14400000000000002,287.51,36.75,28.42,32.59,0.26,2.55,6.45,10.76,12.06,13.52,12.74,12.32,9.93,7.64,6.24,3.07,1.51,0.57,0.21,0.1,0.05,0.0,0.0,0.0,0.0
146,2009-10-19,0.131,284.28,35.64,32.95,34.3,0.05,0.62,4.21,8.58,11.6,16.02,14.3,13.73,10.3,7.75,5.98,3.43,1.87,0.83,0.42,0.21,0.0,0.1,0.0,0.0,0.0
147,2009-10-26,0.11699999999999999,280.51,33.95,37.86,35.9,0.0,0.16,1.4,6.45,11.18,15.18,18.2,12.95,12.79,8.42,5.82,3.8,1.46,1.25,0.57,0.31,0.05,0.0,0.0,0.0,0.0
148,2009-11-02,0.105,277.62,32.86,39.5,36.18,0.0,0.1,1.56,5.3,10.76,13.57,17.73,17.06,12.84,8.53,5.56,3.69,1.77,1.04,0.36,0.1,0.0,0.0,0.0,0.0,0.0
149,2009-11-09,0.094,274.67,31.55,42.81,37.18,0.0,0.1,1.61,4.78,9.46,11.39,17.58,17.78,12.95,9.67,6.29,5.25,2.03,0.78,0.31,0.0,0.0,0.0,0.0,0.0,0.0
150,2009-11-16,0.08,269.6,28.23,57.54,42.89,0.0,0.0,0.47,1.51,4.42,8.63,12.12,13.99,17.11,12.74,10.14,10.61,5.88,1.72,0.57,0.1,0.0,0.0,0.0,0.0,0.0
151,2009-11-23,0.07,264.31,26.93,70.86,48.89,0.0,0.0,0.1,0.47,1.46,2.76,7.64,11.39,14.14,12.84,12.43,19.29,12.38,4.37,0.73,0.0,0.0,0.0,0.0,0.0,0.0
152,2009-11-30,0.061,259.58,25.46,77.05,51.25,0.0,0.0,0.0,0.1,0.68,2.24,4.68,10.3,11.65,12.17,13.57,22.0,15.29,5.72,1.56,0.05,0.0,0.0,0.0,0.0,0.0
153,2009-12-07,0.057,255.51,25.46,81.52,53.49,0.0,0.0,0.0,0.0,0.21,1.14,3.17,6.29,9.62,12.84,14.25,25.27,19.03,6.6,1.46,0.1,0.0,0.0,0.0,0.0,0.0
154,2009-12-14,0.052000000000000005,251.1,25.76,88.4,57.08,0.0,0.0,0.0,0.0,0.0,0.26,1.09,2.29,4.0,10.24,13.1,28.24,29.38,9.57,1.66,0.16,0.0,0.0,0.0,0.0,0.0
155,2009-12-21,0.049,247.61,25.12,92.49,58.8,0.0,0.0,0.0,0.0,0.0,0.05,0.57,0.99,2.5,5.56,12.06,30.06,35.0,11.54,1.51,0.16,0.0,0.0,0.0,0.0,0.0
156,2010-01-04,0.042,247.78,23.94,89.96,56.95,0.0,0.0,0.0,0.0,0.0,0.05,0.1,0.99,4.73,9.99,17.79,31.69,24.56,8.64,1.3,0.16,0.0,0.0,0.0,0.0,0.0
157,2010-01-11,0.04,246.91,25.17,90.44,57.8,0.0,0.0,0.0,0.0,0.05,0.0,0.1,0.57,4.11,8.06,16.44,31.63,26.01,11.29,1.56,0.16,0.0,0.0,0.0,0.0,0.0
158,2010-01-18,0.034,244.19,22.18,91.4,56.79,0.0,0.0,0.0,0.0,0.0,0.05,0.1,0.99,4.63,10.04,16.86,32.83,28.77,5.41,0.31,0.0,0.0,0.0,0.0,0.0,0.0
159,2010-01-25,0.03,241.36,20.15,93.08,56.62,0.0,0.0,0.0,0.0,0.0,0.0,0.05,0.68,4.53,8.79,15.92,39.85,28.25,1.93,0.0,0.0,0.0,0.0,0.0,0.0,0.0
160,2010-02-01,0.028999999999999998,240.24,20.04,94.28,57.16,0.0,0.0,0.0,0.0,0.0,0.0,0.0,0.73,3.02,6.71,12.96,46.72,28.62,1.25,0.0,0.0,0.0,0.0,0.0,0.0,0.0
161,2010-02-08,0.032,241.96,20.9,93.58,57.24,0.0,0.0,0.0,0.0,0.0,0.0,0.21,0.94,2.97,7.23,11.55,44.38,31.37,1.35,0.0,0.0,0.0,0.0,0.0,0.0,0.0
162,2010-02-15,0.036000000000000004,244.88,21.2,92.06,56.63,0.0,0.0,0.0,0.0,0.0,0.1,0.62,1.46,4.32,7.08,11.6,46.77,26.59,1.4,0.05,0.0,0.0,0.0,0.0,0.0,0.0
163,2010-02-22,0.04,248.77,21.91,88.78,55.35,0.0,0.0,0.0,0.0,0.0,0.21,0.94,3.43,5.1,8.95,15.19,42.87,22.16,1.09,0.05,0.0,0.0,0.0,0.0,0.0,0.0
164,2010-03-01,0.052000000000000005,255.64,25.85,82.8,54.33,0.0,0.0,0.0,0.0,0.0,0.1,0.62,4.16,8.53,14.0,17.07,30.75,21.44,3.07,0.21,0.05,0.0,0.0,0.0,0.0,0.0
165,2010-03-08,0.073,264.35,30.27,70.54,50.4,0.0,0.0,0.0,0.0,0.0,0.16,1.3,8.95,17.48,21.64,20.34,16.23,11.08,2.39,0.36,0.05,0.0,0.0,0.0,0.0,0.0
166,2010-03-15,0.099,272.58,37.16,53.89,45.52,0.0,0.0,0.0,0.0,0.0,0.83,6.19,17.53,25.39,23.47,14.67,7.91,2.97,0.73,0.31,0.0,0.0,0.0,0.0,0.0,0.0
167,2010-03-22,0.127,279.03,43.56,41.8,42.68,0.0,0.0,0.0,0.0,0.99,4.53,10.2,20.86,26.95,19.98,9.99,4.79,1.14,0.47,0.1,0.0,0.0,0.0,0.0,0.0,0.0
168,2010-03-29,0.153,284.48,48.72,32.38,40.55,0.0,0.0,0.0,0.36,2.65,5.78,14.52,24.71,24.35,16.34,7.13,2.91,1.04,0.21,0.0,0.0,0.0,0.0,0.0,0.0,0.0
169,2010-04-05,0.182,289.46,54.08,22.29,38.18,0.0,0.0,0.16,1.25,4.27,8.74,20.08,26.12,20.19,11.55,5.05,1.93,0.52,0.1,0.05,0.0,0.0,0.0,0.0,0.0,0.0
170,2010-04-12,0.21600000000000003,293.14,58.86,16.21,37.53,0.0,0.0,0.62,2.24,4.73,10.41,19.93,24.04,19.56,10.93,4.42,2.39,0.47,0.21,0.0,0.05,0.0,0.0,0.0,0.0,0.0
171,2010-04-19,0.253,295.43,63.06,17.51,40.29,0.0,0.0,0.57,2.13,4.58,7.75,12.7,22.06,19.3,14.88,8.22,4.58,1.93,0.94,0.21,0.05,0.1,0.0,0.0,0.0,0.0
172,2010-04-26,0.285,297.4,64.88,21.57,43.22,0.0,0.0,0.78,2.03,4.37,5.78,10.3,16.39,18.05,14.41,12.02,7.18,4.94,2.19,0.83,0.52,0.05,0.1,0.05,0.0,0.0
173,2010-05-03,0.311,299.05,65.21,25.02,45.11,0.0,0.05,0.99,1.87,3.9,5.57,8.64,12.23,16.86,15.45,12.43,9.31,5.98,4.11,1.77,0.62,0.05,0.1,0.05,0.0,0.0
174,2010-05-10,0.332,299.7,63.9,34.86,49.38,0.0,0.36,0.83,1.82,2.86,4.11,5.78,8.38,11.91,15.45,14.2,10.61,9.47,6.4,3.95,2.86,0.62,0.26,0.1,0.0,0.0
175,2010-05-17,0.35100000000000003,299.91,63.3,44.46,53.88,0.0,0.36,0.57,1.46,1.93,3.02,4.27,5.46,8.79,11.03,13.58,14.41,11.91,8.69,7.08,4.42,2.03,0.57,0.42,0.0,0.0
176,2010-05-24,0.369,300.21,66.12,49.82,57.97,0.0,0.1,0.31,0.88,1.14,2.45,3.59,4.58,6.19,8.84,10.87,13.27,14.46,10.82,8.95,6.92,3.75,2.08,0.68,0.1,0.0
177,2010-05-31,0.38299999999999995,300.51,70.78,52.48,61.63,0.0,0.05,0.1,0.26,0.94,1.51,2.76,4.06,4.63,6.92,9.21,11.34,12.96,15.14,10.72,9.11,6.3,2.71,1.09,0.21,0.0
178,2010-06-07,0.39299999999999996,300.65,76.63,53.77,65.2,0.0,0.0,0.0,0.05,0.52,0.88,1.77,2.65,4.37,4.63,7.28,10.72,11.91,14.41,14.0,12.07,8.32,4.53,1.66,0.21,0.0
179,2010-06-14,0.397,300.67,80.43,56.0,68.22,0.0,0.0,0.0,0.0,0.0,0.21,0.83,1.56,2.91,4.32,5.83,8.79,12.17,14.31,15.87,14.57,11.03,5.15,1.98,0.47,0.0
180,2010-06-21,0.39799999999999996,300.77,82.78,58.54,70.66,0.0,0.0,0.0,0.0,0.0,0.0,0.05,0.26,0.88,2.5,5.1,8.38,12.02,15.14,18.16,17.59,12.17,5.46,1.93,0.36,0.0
181,2010-06-28,0.4,300.86,85.2,60.59,72.9,0.0,0.0,0.0,0.0,0.0,0.0,0.0,0.1,0.0,0.62,1.87,5.36,10.93,17.01,21.23,20.86,14.57,5.83,1.25,0.36,0.0
182,2010-07-05,0.40700000000000003,301.09,88.82,60.87,74.85,0.0,0.0,0.0,0.0,0.0,0.0,0.0,0.05,0.0,0.21,0.47,2.76,7.23,12.38,24.87,27.78,16.65,5.88,1.56,0.16,0.0
183,2010-07-12,0.41,301.4,90.53,58.86,74.69,0.0,0.0,0.0,0.0,0.0,0.0,0.0,0.16,0.0,0.16,0.31,2.19,6.66,12.59,25.7,31.17,16.08,4.37,0.62,0.0,0.0
184,2010-07-19,0.40700000000000003,302.07,90.94,53.96,72.45,0.0,0.0,0.0,0.0,0.0,0.0,0.1,0.0,0.16,0.36,1.3,4.21,8.64,16.34,28.88,27.58,10.72,1.61,0.1,0.0,0.0
185,2010-07-26,0.397,303.08,90.92,44.95,67.94,0.0,0.0,0.0,0.0,0.0,0.05,0.05,0.1,0.57,1.56,4.27,7.96,15.56,27.32,25.13,14.67,2.65,0.1,0.0,0.0,0.0
186,2010-08-02,0.376,303.7,89.3,37.52,63.41,0.0,0.0,0.0,0.05,0.0,0.05,0.31,0.52,1.77,4.63,7.7,13.94,24.25,24.66,16.91,4.53,0.62,0.05,0.0,0.0,0.0
187,2010-08-09,0.348,303.58,86.06,35.27,60.66,0.0,0.0,0.05,0.0,0.16,0.16,0.94,1.4,3.54,6.82,12.12,16.23,23.57,20.71,11.19,2.81,0.21,0.1,0.0,0.0,0.0
188,2010-08-16,0.32299999999999995,302.97,82.0,37.3,59.65,0.0,0.0,0.05,0.0,0.21,0.42,1.66,2.29,4.21,7.02,13.68,17.27,20.03,17.33,12.85,2.55,0.36,0.0,0.05,0.0,0.0
189,2010-08-23,0.303,301.82,78.34,42.86,60.6,0.0,0.0,0.05,0.05,0.21,0.42,1.61,2.76,4.37,7.18,11.03,16.81,16.81,17.38,13.37,6.3,1.46,0.16,0.0,0.05,0.0
190,2010-08-30,0.28600000000000003,300.26,75.45,47.96,61.71,0.0,0.0,0.0,0.0,0.1,0.73,0.94,3.12,4.06,7.02,10.67,14.57,16.6,15.71,14.72,7.8,3.33,0.47,0.16,0.0,0.0
191,2010-09-06,0.268,298.49,70.72,48.59,59.66,0.0,0.0,0.0,0.0,0.1,0.83,1.2,2.86,6.3,9.83,12.43,15.66,17.07,13.42,10.82,6.61,2.29,0.52,0.05,0.0,0.0
192,2010-09-13,0.253,296.9,67.52,46.41,56.97,0.0,0.0,0.0,0.0,0.31,0.42,1.82,4.79,8.32,13.01,15.3,15.4,14.67,12.33,7.39,4.16,1.51,0.57,0.0,0.0,0.0
193,2010-09-20,0.237,295.38,64.12,45.01,54.57,0.0,0.0,0.0,0.0,0.36,0.78,2.5,7.08,9.89,14.57,16.49,16.13,13.84,9.42,5.1,2.45,1.14,0.26,0.0,0.0,0.0
194,2010-09-27,0.223,293.63,60.75,44.42,52.59,0.0,0.0,0.0,0.0,0.47,1.14,4.21,7.18,12.49,15.45,18.05,16.02,11.08,7.08,4.37,1.77,0.57,0.1,0.0,0.0,0.0
195,2010-10-04,0.21100000000000002,291.18,58.64,47.58,53.11,0.0,0.0,0.0,0.0,0.21,0.83,3.33,6.87,12.64,15.92,17.69,16.75,10.93,8.32,4.11,1.87,0.47,0.05,0.0,0.0,0.0
196,2010-10-11,0.201,289.12,57.84,42.05,49.94,0.0,0.0,0.0,0.05,0.36,1.87,5.41,9.78,15.66,18.05,17.48,14.46,8.38,5.05,2.5,0.62,0.26,0.0,0.05,0.0,0.0
197,2010-10-18,0.193,287.72,58.61,26.43,42.52,0.0,0.0,0.05,0.62,2.6,7.08,12.96,18.31,19.93,16.39,11.19,5.83,3.49,0.94,0.42,0.16,0.05,0.0,0.0,0.0,0.0
198,2010-10-25,0.18600000000000003,286.49,59.1,15.18,37.14,0.0,0.05,0.62,1.77,7.54,14.05,18.52,20.55,16.86,9.83,6.14,2.86,0.78,0.26,0.16,0.0,0.0,0.0,0.0,0.0,0.0
199,2010-11-01,0.17600000000000002,284.89,58.7,9.21,33.96,0.0,0.0,0.94,4.58,11.08,18.99,22.06,17.48,12.23,6.24,4.89,1.04,0.31,0.16,0.0,0.0,0.0,0.0,0.0,0.0,0.0
200,2010-11-08,0.16899999999999998,283.67,60.37,5.56,32.96,0.0,0.0,1.51,5.93,13.53,19.98,20.66,15.4,11.08,5.83,4.53,1.3,0.26,0.0,0.0,0.0,0.0,0.0,0.0,0.0,0.0
201,2010-11-15,0.158,281.88,60.3,5.41,32.86,0.0,0.0,2.13,6.56,14.52,18.52,19.41,15.56,10.04,6.92,4.99,1.14,0.21,0.0,0.0,0.0,0.0,0.0,0.0,0.0,0.0
202,2010-11-22,0.14300000000000002,278.72,58.81,11.03,34.92,0.0,0.05,1.04,5.31,12.17,16.65,17.59,16.91,12.17,7.75,6.4,3.28,0.47,0.21,0.0,0.0,0.0,0.0,0.0,0.0,0.0
203,2010-11-29,0.128,275.88,57.68,16.9,37.29,0.0,0.0,0.52,2.45,8.64,15.35,17.79,16.75,14.88,10.46,7.8,3.8,0.99,0.47,0.05,0.05,0.0,0.0,0.0,0.0,0.0
204,2010-12-06,0.10800000000000001,272.54,53.07,24.08,38.57,0.0,0.05,0.26,1.51,5.67,12.59,18.68,20.08,16.18,10.93,7.13,4.47,1.82,0.47,0.05,0.1,0.0,0.0,0.0,0.0,0.0
205,2010-12-13,0.091,269.5,48.6,29.2,38.9,0.0,0.0,0.36,1.14,5.05,11.97,19.15,20.5,16.75,10.51,7.08,4.47,2.34,0.26,0.31,0.05,0.05,0.0,0.0,0.0,0.0
206,2010-12-20,0.07200000000000001,266.97,40.27,34.06,37.16,0.0,0.0,0.31,0.94,5.31,14.83,23.57,22.11,14.41,9.11,4.84,2.55,1.25,0.52,0.21,0.0,0.05,0.0,0.0,0.0,0.0
207,2010-12-27,0.057999999999999996,264.74,31.86,38.62,35.24,0.0,0.0,0.36,0.88,6.09,19.72,29.19,19.41,11.03,7.08,3.75,1.66,0.52,0.26,0.05,0.0,0.0,0.0,0.0,0.0,0.0
208,2011-01-03,0.045,262.69,25.41,45.07,35.24,0.0,0.0,0.21,0.62,5.72,21.02,29.76,17.64,11.97,6.97,3.69,1.46,0.78,0.16,0.0,0.0,0.0,0.0,0.0,0.0,0.0
209,2011-01-10,0.037000000000000005,261.7,22.95,46.78,34.86,0.0,0.0,0.0,0.57,6.14,23.0,28.93,18.11,11.76,6.3,3.38,1.14,0.68,0.0,0.0,0.0,0.0,0.0,0.0,0.0,0.0
210,2011-01-17,0.037000000000000005,261.69,24.07,44.49,34.28,0.0,0.0,0.0,0.16,5.41,21.75,33.51,20.6,10.98,4.79,2.13,0.57,0.1,0.0,0.0,0.0,0.0,0.0,0.0,0.0,0.0
211,2011-01-24,0.037000000000000005,262.1,24.36,43.03,33.69,0.0,0.0,0.0,0.0,3.85,23.88,34.91,24.19,9.11,2.6,1.25,0.21,0.0,0.0,0.0,0.0,0.0,0.0,0.0,0.0,0.0
212,2011-01-31,0.042,263.45,27.3,40.64,33.97,0.0,0.0,0.0,0.0,2.34,22.27,36.58,26.59,8.79,2.6,0.78,0.05,0.0,0.0,0.0,0.0,0.0,0.0,0.0,0.0,0.0
213,2011-02-07,0.052000000000000005,266.23,32.02,36.94,34.48,0.0,0.0,0.0,0.05,1.4,18.78,36.63,29.14,10.25,2.91,0.83,0.0,0.0,0.0,0.0,0.0,0.0,0.0,0.0,0.0,0.0
214,2011-02-14,0.066,269.66,36.84,32.98,34.91,0.0,0.0,0.0,0.0,1.82,18.21,34.5,27.58,13.68,3.33,0.62,0.26,0.0,0.0,0.0,0.0,0.0,0.0,0.0,0.0,0.0
215,2011-02-21,0.079,272.38,41.36,31.21,36.29,0.0,0.0,0.0,0.0,0.94,13.84,29.92,29.6,17.64,6.35,1.35,0.31,0.05,0.0,0.0,0.0,0.0,0.0,0.0,0.0,0.0
216,2011-02-28,0.094,276.16,45.54,27.81,36.68,0.0,0.0,0.0,0.0,0.68,11.7,29.33,31.72,17.63,6.92,1.72,0.21,0.1,0.0,0.0,0.0,0.0,0.0,0.0,0.0,0.0
217,2011-03-07,0.113,280.7,48.35,22.1,35.22,0.0,0.0,0.0,0.05,3.38,16.43,30.84,28.65,14.46,4.06,1.92,0.16,0.05,0.0,0.0,0.0,0.0,0.0,0.0,0.0,0.0
218,2011-03-14,0.125,284.24,48.33,15.75,32.04,0.0,0.0,0.16,2.08,12.84,25.33,27.98,19.97,7.64,3.07,0.78,0.05,0.1,0.0,0.0,0.0,0.0,0.0,0.0,0.0,0.0
219,2011-03-21,0.141,287.73,49.33,11.63,30.48,0.0,0.0,0.78,6.45,17.0,24.96,24.8,15.91,6.19,2.86,0.88,0.05,0.1,0.0,0.0,0.0,0.0,0.0,0.0,0.0,0.0
220,2011-03-28,0.16,290.35,51.59,10.48,31.03,0.0,0.0,0.68,5.1,16.54,23.76,25.79,16.28,7.54,2.96,1.2,0.05,0.1,0.0,0.0,0.0,0.0,0.0,0.0,0.0,0.0
221,2011-04-04,0.17800000000000002,292.43,52.35,9.96,31.16,0.0,0.05,0.31,4.37,16.43,26.42,23.71,16.33,8.16,3.02,0.99,0.16,0.05,0.0,0.0,0.0,0.0,0.0,0.0,0.0,0.0
222,2011-04-11,0.20199999999999999,294.56,53.82,9.53,31.67,0.0,0.16,0.36,4.0,16.12,24.75,22.52,17.16,9.31,3.43,1.61,0.52,0.05,0.0,0.0,0.0,0.0,0.0,0.0,0.0,0.0
223,2011-04-18,0.233,296.45,55.6,11.47,33.54,0.0,0.1,0.47,3.85,13.26,21.53,20.07,17.16,11.8,6.6,3.22,1.35,0.47,0.05,0.05,0.0,0.0,0.0,0.0,0.0,0.0
224,2011-04-25,0.263,297.82,56.8,18.31,37.56,0.0,0.1,0.42,3.28,7.64,14.4,17.42,17.37,15.29,10.92,6.45,4.37,1.56,0.62,0.1,0.0,0.0,0.05,0.0,0.0,0.0
225,2011-05-02,0.293,299.1,58.74,24.48,41.61,0.05,0.1,0.31,2.18,5.04,9.72,13.68,14.56,16.69,13.68,9.67,7.96,3.33,1.82,0.88,0.26,0.05,0.0,0.0,0.0,0.0
226,2011-05-09,0.321,299.93,59.67,32.64,46.15,0.05,0.1,0.36,1.2,3.17,6.19,9.46,12.69,13.73,15.55,13.42,9.36,6.55,3.9,2.13,1.3,0.68,0.1,0.05,0.0,0.0
227,2011-05-16,0.34700000000000003,300.46,61.39,39.55,50.47,0.0,0.1,0.31,0.62,1.77,3.9,6.6,8.48,11.86,14.72,15.29,12.53,10.24,5.93,3.85,2.18,1.2,0.42,0.0,0.0,0.0
228,2011-05-23,0.36700000000000005,300.84,65.34,44.51,54.93,0.0,0.0,0.1,0.36,0.83,1.56,4.26,6.5,9.57,11.91,14.35,14.92,12.95,9.57,6.45,3.54,1.82,0.99,0.31,0.0,0.0
229,2011-05-30,0.379,301.58,68.96,44.15,56.55,0.0,0.0,0.0,0.26,0.57,1.09,3.02,5.2,9.36,11.02,13.05,15.91,13.78,11.44,8.58,3.54,1.98,0.83,0.36,0.0,0.0
230,2011-06-06,0.38299999999999995,302.33,72.5,41.37,56.94,0.0,0.0,0.05,0.21,0.47,0.94,2.44,4.99,8.11,10.97,15.13,14.77,13.78,13.47,8.42,4.0,1.61,0.52,0.1,0.0,0.0
231,2011-06-13,0.377,301.95,71.04,46.62,58.83,0.0,0.0,0.05,0.05,0.26,0.73,1.4,3.54,5.88,11.02,13.47,16.38,15.6,13.94,9.72,5.3,1.82,0.62,0.21,0.0,0.0
232,2011-06-20,0.37200000000000005,301.43,70.8,53.73,62.26,0.0,0.0,0.0,0.0,0.21,0.1,0.83,1.66,4.11,8.48,10.35,15.76,17.37,13.88,13.31,8.42,3.85,1.51,0.1,0.05,0.0
233,2011-06-27,0.373,301.39,72.78,56.85,64.81,0.0,0.0,0.0,0.0,0.0,0.1,0.1,1.66,3.02,5.51,10.3,12.69,15.34,16.59,14.77,10.56,6.5,2.44,0.31,0.1,0.0
234,2011-07-04,0.37200000000000005,301.49,74.03,58.28,66.15,0.0,0.0,0.0,0.0,0.0,0.16,0.62,1.56,2.81,4.89,8.94,11.18,13.0,15.81,16.12,11.49,9.57,3.22,0.47,0.16,0.0
235,2011-07-11,0.37200000000000005,301.78,75.2,56.44,65.82,0.0,0.0,0.0,0.0,0.05,0.36,1.09,1.77,3.54,5.98,8.68,9.67,13.31,13.73,14.14,13.57,10.3,3.07,0.68,0.05,0.0
236,2011-07-18,0.368,302.13,75.59,53.78,64.69,0.0,0.0,0.0,0.1,0.36,0.62,1.46,2.81,4.68,6.5,7.28,11.28,11.34,12.95,13.78,13.31,9.78,3.07,0.62,0.05,0.0
237,2011-07-25,0.36,302.34,75.8,50.72,63.26,0.0,0.0,0.1,0.16,0.52,0.88,2.24,3.33,6.24,6.76,8.48,9.78,10.35,11.86,15.39,12.58,8.16,2.5,0.52,0.1,0.05
238,2011-08-01,0.348,302.67,77.14,45.63,61.39,0.0,0.1,0.0,0.47,0.68,1.46,2.65,4.47,6.45,7.44,8.79,8.68,11.02,13.62,14.82,12.48,4.78,1.61,0.42,0.05,0.0
239,2011-08-08,0.331,302.5,77.39,43.95,60.67,0.0,0.1,0.1,0.52,1.25,1.56,3.43,4.73,6.14,7.59,8.58,9.67,9.78,12.43,16.48,10.76,4.16,1.87,0.78,0.05,0.0
240,2011-08-15,0.313,302.48,75.76,41.48,58.62,0.0,0.1,0.36,0.73,1.66,2.81,3.95,5.51,7.28,7.54,7.33,10.04,11.54,12.22,13.21,9.67,4.16,1.25,0.57,0.05,0.0
241,2011-08-22,0.294,302.75,72.83,35.39,54.11,0.05,0.26,1.09,1.51,3.17,3.69,5.56,7.12,7.49,7.54,8.63,11.34,11.75,11.91,10.35,5.72,1.98,0.68,0.16,0.0,0.0
242,2011-08-29,0.271,302.56,67.09,27.74,47.42,0.42,1.09,2.08,3.43,4.84,5.56,7.9,7.28,8.22,10.24,12.01,11.28,10.24,7.8,4.52,2.18,0.83,0.05,0.0,0.0,0.0
243,2011-09-05,0.24600000000000002,302.13,58.98,14.7,36.84,2.24,2.81,4.52,6.03,7.96,8.42,9.72,12.48,13.16,12.01,9.52,5.98,3.33,1.35,0.42,0.0,0.05,0.0,0.0,0.0,0.0
244,2011-09-12,0.223,301.07,51.29,6.61,28.95,4.94,4.37,7.28,9.36,10.71,14.04,15.6,12.74,10.09,5.82,3.12,1.09,0.52,0.26,0.05,0.0,0.0,0.0,0.0,0.0,0.0
245,2011-09-19,0.204,299.55,46.2,3.89,25.05,5.88,5.36,8.53,13.68,15.55,17.78,13.05,9.46,5.41,2.86,1.51,0.52,0.31,0.1,0.0,0.0,0.0,0.0,0.0,0.0,0.0
246,2011-09-26,0.185,297.56,41.31,4.27,22.79,6.34,5.41,11.7,19.5,17.52,14.51,10.66,6.92,3.85,2.18,0.68,0.42,0.16,0.1,0.05,0.0,0.0,0.0,0.0,0.0,0.0
247,2011-10-03,0.166,295.01,36.07,7.66,21.87,5.46,6.81,14.66,20.38,17.78,13.0,9.72,5.67,3.12,1.98,0.73,0.36,0.21,0.05,0.05,0.0,0.0,0.0,0.0,0.0,0.0
248,2011-10-10,0.14800000000000002,292.46,33.14,6.97,20.05,5.25,7.8,19.03,23.24,18.46,11.13,7.28,3.48,2.08,1.3,0.68,0.16,0.05,0.0,0.05,0.0,0.0,0.0,0.0,0.0,0.0
249,2011-10-17,0.132,289.51,31.48,9.02,20.25,2.65,7.54,19.08,25.22,18.56,14.25,6.45,2.76,1.92,0.94,0.47,0.0,0.1,0.05,0.0,0.0,0.0,0.0,0.0,0.0,0.0
250,2011-10-24,0.11699999999999999,286.67,30.04,13.5,21.77,0.57,3.48,15.13,27.46,24.02,14.82,7.33,4.52,1.51,0.88,0.1,0.0,0.1,0.05,0.0,0.0,0.0,0.0,0.0,0.0,0.0
251,2011-10-31,0.105,284.35,29.26,12.11,20.69,0.21,2.96,19.08,30.79,22.41,14.14,6.08,2.55,0.88,0.57,0.21,0.05,0.0,0.0,0.05,0.0,0.0,0.0,0.0,0.0,0.0
252,2011-11-07,0.094,281.83,28.42,14.58,21.5,0.05,2.08,14.56,30.37,26.21,15.55,6.76,2.6,1.2,0.31,0.26,0.0,0.0,0.0,0.05,0.0,0.0,0.0,0.0,0.0,0.0
253,2011-11-14,0.084,278.35,27.38,22.81,25.1,0.05,0.42,5.25,17.89,30.42,23.35,14.46,4.89,2.39,0.57,0.26,0.0,0.0,0.0,0.05,0.0,0.0,0.0,0.0,0.0,0.0
254,2011-11-21,0.07400000000000001,273.97,25.42,35.61,30.51,0.0,0.26,2.55,7.8,16.07,22.67,21.06,16.38,7.49,3.54,1.72,0.36,0.05,0.0,0.0,0.05,0.0,0.0,0.0,0.0,0.0
255,2011-11-28,0.065,270.11,24.21,44.48,34.34,0.0,0.31,2.55,5.98,11.7,17.26,16.59,15.55,13.05,8.01,4.78,3.17,0.94,0.05,0.05,0.0,0.0,0.0,0.0,0.0,0.0
256,2011-12-05,0.057,264.59,22.96,56.77,39.87,0.0,0.21,1.3,5.3,7.23,12.38,12.01,12.32,11.23,10.56,11.44,11.6,4.11,0.31,0.0,0.0,0.0,0.0,0.0,0.0,0.0
257,2011-12-12,0.05,259.79,21.0,65.24,43.12,0.0,0.16,1.46,3.74,6.76,7.38,10.3,11.08,9.83,10.24,12.12,19.76,6.86,0.31,0.0,0.0,0.0,0.0,0.0,0.0,0.0
258,2011-12-19,0.046,255.92,20.92,71.44,46.18,0.0,0.16,0.57,2.6,5.36,5.88,7.12,8.89,10.24,11.34,13.1,23.35,10.66,0.68,0.05,0.0,0.0,0.0,0.0,0.0,0.0
259,2011-12-26,0.042,253.62,19.92,73.28,46.6,0.0,0.05,0.42,1.14,4.47,6.4,7.12,10.19,10.14,12.17,14.72,22.52,9.46,1.14,0.05,0.0,0.0,0.0,0.0,0.0,0.0
260,2012-01-02,0.039,252.59,21.19,74.22,47.7,0.0,0.0,0.0,0.57,2.08,5.46,7.8,11.08,13.47,12.27,12.69,19.97,12.32,1.98,0.26,0.05,0.0,0.0,0.0,0.0,0.0
261,2012-01-09,0.037000000000000005,252.3,23.02,73.93,48.47,0.0,0.0,0.0,0.05,0.83,3.64,8.53,12.38,13.57,13.57,13.88,15.5,14.35,3.33,0.36,0.0,0.0,0.0,0.0,0.0,0.0
262,2012-01-16,0.035,252.55,22.8,70.28,46.54,0.0,0.0,0.0,0.0,0.21,2.6,10.4,17.0,15.7,17.0,13.78,12.64,8.84,1.77,0.05,0.0,0.0,0.0,0.0,0.0,0.0
263,2012-01-23,0.032,254.57,21.55,63.05,42.3,0.0,0.0,0.0,0.0,0.05,3.48,14.09,23.71,22.98,19.5,11.18,3.28,1.25,0.47,0.0,0.0,0.0,0.0,0.0,0.0,0.0
264,2012-01-30,0.031,257.22,21.36,56.97,39.16,0.0,0.0,0.0,0.0,0.05,5.15,20.38,30.89,27.82,12.06,2.55,0.94,0.16,0.0,0.0,0.0,0.0,0.0,0.0,0.0,0.0
265,2012-02-06,0.031,259.44,20.14,55.16,37.65,0.0,0.0,0.0,0.0,0.1,5.88,25.79,36.82,23.35,6.71,1.2,0.16,0.0,0.0,0.0,0.0,0.0,0.0,0.0,0.0,0.0
266,2012-02-13,0.03,260.61,18.11,57.76,37.94,0.0,0.0,0.0,0.0,0.21,3.9,24.23,40.3,23.19,7.18,0.99,0.0,0.0,0.0,0.0,0.0,0.0,0.0,0.0,0.0,0.0
267,2012-02-20,0.034,262.82,18.55,57.44,37.99,0.0,0.0,0.0,0.0,0.05,3.9,23.5,40.04,25.01,6.71,0.73,0.05,0.0,0.0,0.0,0.0,0.0,0.0,0.0,0.0,0.0
268,2012-02-27,0.038,266.16,19.19,56.47,37.83,0.0,0.0,0.0,0.0,0.47,3.48,24.28,40.51,23.87,6.5,0.88,0.0,0.0,0.0,0.0,0.0,0.0,0.0,0.0,0.0,0.0
269,2012-03-05,0.046,269.38,18.01,55.92,36.97,0.0,0.0,0.0,0.1,1.51,7.18,27.25,35.26,22.1,5.93,0.68,0.0,0.0,0.0,0.0,0.0,0.0,0.0,0.0,0.0,0.0
270,2012-03-12,0.057999999999999996,273.85,18.76,49.62,34.19,0.0,0.0,0.0,0.42,5.36,20.96,28.91,26.21,14.4,3.33,0.42,0.0,0.0,0.0,0.0,0.0,0.0,0.0,0.0,0.0,0.0
271,2012-03-19,0.07400000000000001,279.74,20.72,39.26,29.99,0.0,0.0,0.05,2.39,19.6,32.81,24.08,14.98,4.89,1.09,0.1,0.0,0.0,0.0,0.0,0.0,0.0,0.0,0.0,0.0,0.0
272,2012-03-26,0.094,285.14,24.14,29.76,26.95,0.0,0.0,0.21,7.49,31.15,36.35,16.54,6.76,1.35,0.1,0.05,0.0,0.0,0.0,0.0,0.0,0.0,0.0,0.0,0.0,0.0
273,2012-04-02,0.115,289.54,27.73,21.65,24.69,0.0,0.0,1.4,16.07,39.83,27.82,10.76,3.07,0.68,0.31,0.05,0.0,0.0,0.0,0.0,0.0,0.0,0.0,0.0,0.0,0.0
274,2012-04-09,0.14,293.19,31.18,15.67,23.42,0.0,0.31,4.32,24.39,36.92,21.53,8.42,2.91,0.57,0.47,0.05,0.1,0.0,0.0,0.0,0.0,0.0,0.0,0.0,0.0,0.0
275,2012-04-16,0.171,296.53,33.72,10.91,22.32,0.16,1.51,11.49,27.41,28.6,18.1,7.64,3.17,1.14,0.36,0.16,0.16,0.1,0.0,0.0,0.0,0.0,0.0,0.0,0.0,0.0
276,2012-04-23,0.203,299.16,35.83,9.85,22.84,0.47,3.43,14.04,22.46,23.5,17.16,10.82,4.68,2.03,0.99,0.05,0.26,0.05,0.05,0.0,0.0,0.0,0.0,0.0,0.0,0.0
277,2012-04-30,0.231,300.97,36.61,11.52,24.06,1.25,4.47,12.79,18.1,19.5,18.36,12.01,6.97,4.06,1.35,0.62,0.31,0.21,0.0,0.0,0.0,0.0,0.0,0.0,0.0,0.0
278,2012-05-07,0.253,302.02,33.87,16.34,25.11,2.7,6.5,9.98,15.29,17.58,16.38,11.91,9.15,6.08,2.39,1.04,0.57,0.31,0.1,0.0,0.0,0.0,0.0,0.0,0.0,0.0
279,2012-05-14,0.27,302.39,29.84,23.99,26.92,3.95,5.56,9.1,11.39,15.86,14.98,12.22,10.92,7.33,5.36,1.56,1.04,0.42,0.26,0.05,0.0,0.0,0.0,0.0,0.0,0.0
280,2012-05-21,0.281,302.37,27.47,32.69,30.08,2.91,4.47,7.54,10.04,12.84,12.12,13.62,11.75,10.5,5.93,4.11,2.29,1.2,0.36,0.21,0.1,0.0,0.0,0.0,0.0,0.0
281,2012-05-28,0.308,305.07,35.07,19.57,27.32,2.96,5.51,9.88,13.57,12.53,14.82,13.47,10.19,7.59,4.99,2.18,1.4,0.52,0.26,0.05,0.05,0.0,0.0,0.0,0.0,0.0
282,2012-06-04,0.317,305.88,39.9,17.51,28.7,2.18,4.21,8.58,13.05,14.09,14.2,12.12,11.49,8.06,6.03,3.12,1.92,0.52,0.21,0.21,0.0,0.0,0.0,0.0,0.0,0.0
283,2012-06-11,0.321,306.63,43.63,14.93,29.28,1.51,3.48,8.32,11.91,15.13,15.34,12.48,10.66,8.27,6.08,3.54,2.08,0.73,0.31,0.1,0.05,0.0,0.0,0.0,0.0,0.0
284,2012-06-18,0.32299999999999995,307.36,46.51,12.98,29.75,0.73,2.29,6.97,13.1,15.18,16.69,13.26,10.5,8.94,5.56,3.33,2.13,0.78,0.31,0.16,0.05,0.0,0.0,0.0,0.0,0.0
285,2012-06-25,0.321,307.88,48.63,12.41,30.52,0.21,1.66,6.34,11.44,16.48,17.37,13.62,11.54,8.16,5.88,3.38,2.5,0.83,0.36,0.16,0.05,0.0,0.0,0.0,0.0,0.0
286,2012-07-02,0.31,308.18,45.6,13.41,29.5,0.31,2.19,8.22,12.59,15.3,17.27,13.68,11.55,7.54,5.1,3.54,1.56,0.57,0.36,0.16,0.05,0.0,0.0,0.0,0.0,0.0
287,2012-07-09,0.302,308.32,45.09,13.42,29.26,0.31,2.19,8.84,13.58,15.04,16.39,13.68,10.72,7.7,5.57,3.64,1.2,0.68,0.31,0.16,0.0,0.0,0.0,0.0,0.0,0.0
288,2012-07-16,0.293,308.37,44.17,12.12,28.14,0.57,2.76,10.04,15.24,16.34,15.35,12.49,9.26,7.39,4.58,3.8,1.2,0.57,0.36,0.05,0.0,0.0,0.0,0.0,0.0,0.0
289,2012-07-23,0.28300000000000003,308.4,44.38,10.07,27.22,0.83,4.37,11.91,16.18,15.56,14.15,11.03,9.11,6.45,5.25,2.71,1.61,0.57,0.21,0.05,0.0,0.0,0.0,0.0,0.0,0.0
290,2012-07-30,0.26899999999999996,308.01,43.61,9.34,26.48,2.03,5.93,12.12,16.29,14.78,12.9,11.03,8.38,6.76,4.21,2.55,1.82,0.99,0.16,0.05,0.0,0.0,0.0,0.0,0.0,0.0
291,2012-08-06,0.256,307.42,43.36,9.36,26.36,3.07,6.14,12.96,13.63,14.31,13.22,11.76,9.37,5.78,3.8,2.91,1.61,1.09,0.31,0.05,0.0,0.0,0.0,0.0,0.0,0.0
292,2012-08-13,0.244,306.49,42.95,11.88,27.42,3.75,5.88,10.41,13.32,13.37,12.8,12.17,9.83,6.82,4.47,3.64,1.35,1.25,0.73,0.16,0.05,0.0,0.0,0.0,0.0,0.0
293,2012-08-20,0.235,305.49,43.71,14.12,28.92,3.9,5.25,9.11,10.56,12.85,13.16,12.64,10.93,6.97,6.76,3.07,2.19,1.14,0.94,0.47,0.05,0.0,0.0,0.0,0.0,0.0
294,2012-08-27,0.22899999999999998,304.43,45.59,13.24,29.41,3.59,4.79,8.17,10.82,12.28,13.79,13.06,11.13,7.65,6.14,4.27,2.08,0.99,0.94,0.31,0.0,0.0,0.0,0.0,0.0,0.0
295,2012-09-03,0.222,303.59,46.69,6.68,26.68,3.85,5.46,9.26,12.64,15.45,15.76,13.01,9.47,6.14,3.9,3.02,1.35,0.62,0.05,0.0,0.0,0.0,0.0,0.0,0.0,0.0
296,2012-09-10,0.212,302.47,46.14,3.36,24.75,4.47,4.99,10.56,16.55,16.75,15.5,12.85,7.7,4.79,3.38,1.77,0.57,0.1,0.0,0.0,0.0,0.0,0.0,0.0,0.0,0.0
297,2012-09-17,0.201,300.79,45.27,2.93,24.1,3.38,5.83,11.91,17.9,17.79,15.04,10.93,7.54,4.79,3.07,1.04,0.62,0.16,0.0,0.0,0.0,0.0,0.0,0.0,0.0,0.0
298,2012-09-24,0.192,298.5,45.19,4.12,24.65,2.34,5.78,11.08,19.15,16.81,15.24,11.03,8.22,5.41,2.45,1.46,0.78,0.26,0.0,0.0,0.0,0.0,0.0,0.0,0.0,0.0
299,2012-10-01,0.18600000000000003,296.13,46.39,4.62,25.51,1.82,5.36,10.98,18.21,16.55,14.52,11.76,7.96,7.02,3.28,1.51,0.78,0.26,0.0,0.0,0.0,0.0,0.0,0.0,0.0,0.0
300,2012-10-08,0.183,293.78,49.31,3.29,26.3,1.14,4.53,10.72,15.97,16.7,14.72,13.53,9.11,7.39,3.59,1.98,0.47,0.16,0.0,0.0,0.0,0.0,0.0,0.0,0.0,0.0
301,2012-10-15,0.17800000000000002,290.93,51.96,3.34,27.65,0.47,4.06,8.79,13.74,15.92,16.08,14.72,11.13,7.8,4.06,2.97,0.26,0.0,0.0,0.0,0.0,0.0,0.0,0.0,0.0,0.0
302,2012-10-22,0.175,288.03,54.26,5.92,30.09,0.21,2.29,6.56,11.03,14.52,16.7,14.88,13.89,9.21,5.72,3.75,0.94,0.31,0.0,0.0,0.0,0.0,0.0,0.0,0.0,0.0
303,2012-10-29,0.17,285.38,56.15,7.23,31.69,0.1,1.61,5.15,9.68,13.53,14.93,17.01,13.79,10.77,6.97,4.06,2.08,0.31,0.0,0.0,0.0,0.0,0.0,0.0,0.0,0.0
304,2012-11-05,0.166,283.0,58.45,8.82,33.64,0.05,0.68,3.64,8.32,12.43,14.62,15.71,14.46,11.91,8.84,6.35,2.6,0.36,0.0,0.0,0.0,0.0,0.0,0.0,0.0,0.0
305,2012-11-12,0.158,280.68,59.73,10.71,35.22,0.0,0.21,2.5,6.3,11.24,14.88,15.82,15.35,11.29,10.15,8.17,3.38,0.73,0.0,0.0,0.0,0.0,0.0,0.0,0.0,0.0
306,2012-11-19,0.14400000000000002,277.71,58.54,16.0,37.27,0.0,0.1,1.2,4.21,8.58,14.36,16.86,15.24,12.9,10.3,9.57,4.27,2.29,0.1,0.0,0.0,0.0,0.0,0.0,0.0,0.0
307,2012-11-26,0.129,274.26,57.29,24.53,40.91,0.0,0.05,0.73,2.19,4.94,9.73,14.62,17.17,15.24,11.5,10.72,8.06,3.43,1.46,0.1,0.05,0.0,0.0,0.0,0.0,0.0
308,2012-12-03,0.115,271.09,56.42,30.53,43.47,0.0,0.0,0.47,1.35,3.07,7.08,12.43,14.62,17.53,13.22,12.96,8.95,5.57,2.03,0.57,0.16,0.0,0.0,0.0,0.0,0.0
309,2012-12-10,0.10300000000000001,268.69,54.79,32.74,43.76,0.0,0.0,0.31,0.94,2.71,6.19,12.38,15.61,16.65,13.84,15.14,8.69,5.52,1.56,0.36,0.05,0.05,0.0,0.0,0.0,0.0
310,2012-12-17,0.094,267.06,53.97,34.04,44.01,0.0,0.0,0.0,0.42,2.34,5.25,10.93,17.12,17.69,15.82,15.14,9.57,4.47,1.04,0.05,0.1,0.05,0.0,0.0,0.0,0.0
311,2012-12-24,0.08800000000000001,266.44,52.18,33.29,42.73,0.0,0.0,0.0,0.36,2.34,5.2,13.58,19.3,19.35,15.19,14.05,8.17,1.77,0.68,0.0,0.0,0.0,0.0,0.0,0.0,0.0
312,2012-12-31,0.177,268.62,54.13,38.81,46.46,0.0,0.0,0.05,0.37,1.57,5.12,9.36,14.48,16.78,15.53,14.32,10.25,6.01,2.67,1.93,0.68,0.21,0.37,0.21,0.1,0.0
313,2013-01-07,0.18,269.58,55.69,35.67,45.67,0.0,0.0,0.1,0.1,1.88,4.23,9.77,13.94,19.63,18.54,13.47,9.09,4.96,2.09,1.1,0.52,0.37,0.16,0.05,0.0,0.0
314,2013-01-14,0.177,270.15,53.01,35.74,44.36,0.0,0.0,0.05,0.16,1.72,5.11,10.95,16.69,21.49,17.11,11.95,7.2,3.86,2.3,0.78,0.42,0.1,0.05,0.05,0.0,0.0
315,2013-01-21,0.177,270.81,51.04,35.76,43.4,0.0,0.0,0.05,0.1,1.51,5.21,13.86,19.23,22.41,14.43,10.06,5.32,4.27,2.14,0.78,0.31,0.26,0.05,0.0,0.0,0.0
316,2013-01-28,0.185,272.01,53.06,31.81,42.43,0.0,0.0,0.0,0.16,2.08,6.57,13.65,22.62,20.84,13.6,8.7,5.47,3.54,1.72,0.68,0.1,0.16,0.1,0.0,0.0,0.0
317,2013-02-04,0.2,273.77,58.13,27.21,42.66,0.0,0.0,0.0,0.26,2.03,7.19,14.12,19.28,19.91,14.85,9.22,6.77,3.86,1.93,0.36,0.16,0.0,0.05,0.0,0.0,0.0
318,2013-02-11,0.223,276.22,64.31,22.19,43.25,0.0,0.0,0.0,0.68,1.88,6.72,13.6,17.04,17.98,16.88,11.46,7.87,4.01,1.46,0.36,0.05,0.0,0.0,0.0,0.0,0.0
319,2013-02-18,0.24600000000000002,278.49,69.31,19.8,44.56,0.0,0.0,0.05,0.52,2.14,6.61,10.94,13.75,15.62,17.66,15.78,10.94,5.05,0.78,0.1,0.05,0.0,0.0,0.0,0.0,0.0
320,2013-02-25,0.272,280.97,74.06,16.99,45.52,0.0,0.0,0.05,0.89,2.81,5.36,9.69,10.83,14.43,16.82,17.24,16.2,5.42,0.26,0.0,0.0,0.0,0.0,0.0,0.0,0.0
321,2013-03-04,0.294,283.32,75.73,14.82,45.27,0.0,0.0,0.21,1.67,3.44,5.94,8.39,11.09,13.07,16.04,17.24,17.76,5.0,0.16,0.0,0.0,0.0,0.0,0.0,0.0,0.0
322,2013-03-11,0.309,285.08,74.15,14.22,44.18,0.0,0.05,0.83,2.4,5.26,6.67,8.8,10.57,12.92,14.17,14.84,18.12,4.84,0.52,0.0,0.0,0.0,0.0,0.0,0.0,0.0
323,2013-03-18,0.325,287.0,73.41,13.77,43.59,0.0,0.16,1.09,3.23,5.78,7.24,8.44,10.26,12.86,13.75,14.69,16.04,5.73,0.68,0.05,0.0,0.0,0.0,0.0,0.0,0.0
324,2013-03-25,0.342,288.93,72.67,14.66,43.67,0.0,0.21,1.15,3.28,6.41,7.4,8.8,10.16,11.88,12.76,14.58,14.74,7.14,1.25,0.26,0.0,0.0,0.0,0.0,0.0,0.0
325,2013-04-01,0.365,291.25,72.43,13.77,43.1,0.0,0.21,1.41,4.32,6.04,7.4,9.53,10.47,11.2,12.6,15.1,12.6,7.08,1.46,0.52,0.05,0.0,0.0,0.0,0.0,0.0
326,2013-04-08,0.39799999999999996,293.81,72.96,12.3,42.63,0.0,0.16,1.82,4.48,6.46,7.76,10.05,10.1,11.93,12.92,14.17,10.47,6.35,2.5,0.62,0.16,0.0,0.05,0.0,0.0,0.0
327,2013-04-15,0.433,296.01,73.33,12.32,42.83,0.0,0.16,1.98,3.91,7.34,7.66,9.01,12.08,10.52,13.07,14.01,8.91,6.3,2.92,1.56,0.36,0.05,0.1,0.0,0.05,0.0
328,2013-04-22,0.467,297.84,73.75,14.09,43.92,0.0,0.1,2.08,3.7,6.3,7.81,8.91,9.84,12.6,12.08,12.76,9.17,6.41,4.27,2.45,0.99,0.26,0.21,0.0,0.05,0.0
329,2013-04-29,0.49200000000000005,299.04,73.09,17.49,45.29,0.0,0.1,1.93,3.39,6.46,6.41,8.7,10.62,11.35,12.34,11.15,8.8,7.4,4.9,3.39,2.14,0.57,0.26,0.1,0.0,0.0
330,2013-05-06,0.507,299.88,69.98,21.93,45.95,0.0,0.26,1.72,3.23,6.04,7.14,8.44,11.41,10.47,11.09,9.95,8.96,8.07,4.69,4.58,1.98,1.41,0.31,0.16,0.05,0.05
331,2013-05-13,0.517,300.4,66.29,26.5,46.4,0.0,0.26,1.77,2.66,5.05,7.19,9.32,11.15,9.69,11.25,10.05,10.36,7.6,5.68,3.85,2.5,0.83,0.52,0.16,0.05,0.05
332,2013-05-20,0.521,300.2,63.29,37.5,50.4,0.0,0.05,0.62,1.46,3.44,5.36,6.82,9.64,10.47,11.09,11.51,10.47,9.95,8.02,5.1,3.12,1.67,0.83,0.36,0.0,0.0
333,2013-05-27,0.521,300.09,60.87,44.25,52.56,0.0,0.0,0.26,0.52,1.51,4.17,6.51,7.86,9.95,11.82,13.23,13.07,11.25,7.4,6.3,3.33,1.98,0.57,0.1,0.16,0.0
334,2013-06-03,0.523,300.17,62.63,45.43,54.03,0.0,0.0,0.21,0.36,0.94,3.18,4.43,7.4,9.58,12.71,13.39,13.07,11.25,11.15,5.89,3.65,1.98,0.68,0.1,0.05,0.0
335,2013-06-10,0.527,300.24,65.31,46.32,55.82,0.0,0.05,0.05,0.52,1.15,2.4,3.96,6.46,9.69,11.88,11.3,12.6,10.68,10.68,8.75,5.52,3.18,0.78,0.31,0.05,0.0
336,2013-06-17,0.531,300.33,67.58,48.28,57.93,0.0,0.0,0.1,0.36,0.89,1.82,3.8,7.14,7.97,9.43,11.3,10.94,11.3,10.16,9.69,7.76,5.0,1.88,0.36,0.1,0.0
337,2013-06-24,0.5329999999999999,300.33,68.26,50.05,59.16,0.0,0.0,0.1,0.36,0.78,2.19,3.54,6.51,7.14,9.17,10.05,10.68,9.64,11.77,9.38,9.22,6.04,2.81,0.62,0.0,0.0
338,2013-07-01,0.5329999999999999,300.4,68.88,51.2,60.04,0.0,0.0,0.0,0.78,0.83,2.45,2.97,6.46,7.4,8.12,8.59,9.48,10.68,10.57,10.62,9.01,7.29,3.91,0.78,0.05,0.0
339,2013-07-08,0.527,300.38,67.94,51.41,59.67,0.0,0.0,0.16,0.78,1.93,1.82,4.06,6.09,7.14,7.45,8.28,10.36,9.48,10.26,10.47,10.0,6.93,4.17,0.62,0.0,0.0
340,2013-07-15,0.515,300.44,66.18,50.55,58.37,0.0,0.1,0.47,1.15,2.5,2.71,4.38,5.47,7.45,8.18,8.49,8.7,10.62,9.17,10.16,9.38,7.4,3.07,0.62,0.0,0.0
341,2013-07-22,0.498,300.76,64.33,46.72,55.53,0.05,0.26,0.94,1.77,3.12,3.33,5.21,6.46,7.45,9.01,8.85,9.43,9.64,9.58,8.91,8.7,5.0,2.14,0.16,0.0,0.0
342,2013-07-29,0.475,301.03,62.13,41.37,51.75,0.26,0.52,1.72,2.19,3.85,5.05,5.36,7.55,8.85,9.22,9.43,9.53,9.53,9.69,7.34,6.3,2.6,0.89,0.1,0.0,0.0
343,2013-08-05,0.447,300.98,58.55,38.19,48.37,0.57,1.15,1.88,3.18,4.84,4.95,6.56,9.01,9.27,9.84,9.69,10.36,9.48,7.76,5.83,3.39,1.82,0.36,0.05,0.0,0.0
344,2013-08-12,0.415,299.93,52.83,42.97,47.9,0.73,0.99,2.24,3.02,4.48,5.73,5.94,8.7,9.64,10.78,10.94,10.62,9.32,6.61,5.52,2.71,1.51,0.47,0.05,0.0,0.0
345,2013-08-19,0.385,298.25,46.58,53.92,50.25,0.16,0.57,1.04,2.71,3.59,4.9,5.62,8.07,10.0,11.46,11.35,10.62,10.0,8.28,5.52,3.44,1.51,0.83,0.31,0.0,0.0
346,2013-08-26,0.353,295.81,38.91,71.1,55.0,0.0,0.05,0.1,0.36,1.2,2.45,5.1,6.67,9.43,11.61,13.54,12.45,11.72,9.22,6.98,4.53,2.71,1.04,0.73,0.1,0.0
347,2013-09-02,0.321,293.26,30.45,83.24,56.84,0.0,0.0,0.0,0.05,0.16,0.68,2.08,5.1,8.49,12.86,16.46,15.47,13.49,10.16,7.03,4.58,2.29,0.52,0.36,0.1,0.1
348,2013-09-09,0.299,291.24,25.1,86.85,55.98,0.0,0.0,0.0,0.0,0.1,0.16,1.2,4.33,8.13,14.7,20.69,17.09,13.6,10.01,5.68,2.4,1.2,0.31,0.16,0.21,0.05
349,2013-09-16,0.285,289.7,23.62,88.46,56.04,0.0,0.0,0.0,0.0,0.0,0.21,0.94,3.34,7.3,14.75,23.19,17.56,14.85,9.12,4.95,2.19,0.94,0.42,0.1,0.05,0.1
350,2013-09-23,0.27699999999999997,288.59,24.3,86.91,55.6,0.0,0.0,0.0,0.0,0.05,0.16,1.04,4.02,7.57,13.83,23.38,19.83,13.78,8.56,4.23,2.14,0.94,0.16,0.16,0.05,0.1
351,2013-09-30,0.271,287.74,26.47,81.29,53.88,0.0,0.0,0.0,0.0,0.0,0.37,1.73,5.28,10.87,17.04,21.17,19.03,11.81,6.64,3.55,1.57,0.37,0.42,0.1,0.0,0.05
352,2013-10-07,0.27,287.02,30.36,69.88,50.11,0.0,0.0,0.0,0.0,0.21,1.05,4.67,8.86,15.89,21.03,19.51,14.32,7.18,4.09,1.89,0.68,0.47,0.16,0.0,0.0,0.0
353,2013-10-14,0.272,286.23,35.25,55.35,45.27,0.0,0.0,0.05,0.32,1.42,4.59,9.54,15.5,18.87,18.34,14.13,9.07,4.9,2.06,0.79,0.32,0.11,0.0,0.0,0.0,0.0
354,2013-10-21,0.27,285.2,37.94,40.8,39.31,0.0,0.05,0.21,1.7,4.2,10.25,17.68,20.98,18.32,12.06,7.54,4.94,1.27,0.69,0.05,0.05,0.0,0.0,0.0,0.0,0.0
355,2013-10-28,0.268,284.02,40.83,27.96,34.31,0.0,0.11,0.85,4.26,10.5,18.07,21.75,19.46,11.83,7.2,3.52,1.71,0.48,0.27,0.0,0.0,0.0,0.0,0.0,0.0,0.0
356,2013-11-04,0.26899999999999996,282.51,49.38,21.03,35.18,0.05,0.32,1.9,6.38,10.7,15.75,16.65,17.18,11.85,8.06,5.74,2.63,1.53,0.53,0.42,0.11,0.21,0.0,0.0,0.0,0.0
357,2013-11-11,0.26899999999999996,280.22,53.63,23.24,38.41,0.0,0.21,1.74,4.64,7.91,12.12,15.81,15.39,13.23,10.7,8.22,4.85,2.37,1.21,0.58,0.63,0.32,0.0,0.0,0.0,0.05
358,2013-11-18,0.273,278.5,58.24,21.11,39.67,0.0,0.42,1.99,3.88,6.92,11.01,13.79,14.68,13.95,10.44,10.49,5.98,2.88,1.68,1.0,0.58,0.26,0.0,0.0,0.05,0.0
359,2013-11-25,0.273,277.08,62.9,19.58,41.25,0.05,0.37,1.88,2.98,6.59,8.37,12.19,13.44,14.49,11.24,15.06,6.8,3.35,1.41,0.89,0.58,0.26,0.05,0.0,0.0,0.0
360,2013-12-02,0.268,275.87,67.19,16.36,41.78,0.05,0.52,1.67,3.34,5.11,8.61,10.69,12.42,13.93,10.8,19.46,8.24,2.5,1.56,0.83,0.21,0.05,0.0,0.0,0.0,0.0
361,2013-12-09,0.262,275.09,70.22,11.53,40.87,0.1,0.47,2.14,3.24,6.21,9.08,10.7,11.8,11.9,10.23,24.53,6.84,1.88,0.63,0.21,0.05,0.0,0.0,0.0,0.0,0.0
362,2013-12-16,0.252,274.6,71.4,10.23,40.82,0.05,0.21,1.67,3.55,6.58,9.09,10.91,12.11,10.7,10.13,27.52,5.69,1.15,0.47,0.16,0.0,0.0,0.0,0.0,0.0,0.0
363,2013-12-23,0.23800000000000002,274.1,69.25,12.28,40.77,0.05,0.1,1.25,3.97,6.17,9.41,11.34,13.28,10.77,10.45,24.83,6.59,1.1,0.42,0.26,0.0,0.0,0.0,0.0,0.0,0.0
364,2013-12-30,0.218,273.39,65.84,16.26,41.06,0.0,0.1,0.63,1.83,5.33,9.83,13.49,15.11,14.27,11.29,18.35,7.06,1.78,0.31,0.47,0.1,0.05,0.0,0.0,0.0,0.0
365,2014-01-06,0.198,272.29,60.17,23.52,41.85,0.0,0.05,0.21,0.89,3.71,7.99,12.79,19.74,17.81,12.43,14.05,6.48,2.19,1.04,0.37,0.1,0.1,0.0,0.05,0.0,0.0
366,2014-01-13,0.175,270.89,52.2,33.26,42.73,0.0,0.0,0.1,0.57,2.4,6.52,11.79,20.71,19.14,16.74,11.27,4.9,3.13,1.56,0.52,0.16,0.31,0.05,0.1,0.0,0.0
367,2014-01-20,0.153,270.11,44.88,38.57,41.73,0.0,0.0,0.21,0.78,1.82,7.35,14.75,21.21,20.74,14.54,9.22,4.33,2.4,1.46,0.63,0.31,0.16,0.05,0.05,0.0,0.0
368,2014-01-27,0.145,270.36,43.14,37.37,40.25,0.0,0.0,0.21,0.83,2.76,8.91,17.14,23.19,18.24,14.28,7.03,3.86,2.14,0.89,0.31,0.1,0.1,0.0,0.0,0.0,0.0
369,2014-02-03,0.151,271.74,45.57,33.72,39.64,0.0,0.0,0.16,1.09,3.28,10.11,18.24,21.52,19.33,12.25,7.71,3.34,1.77,0.83,0.36,0.0,0.0,0.0,0.0,0.0,0.0
370,2014-02-10,0.171,274.13,51.13,28.75,39.94,0.0,0.0,0.16,0.73,3.28,10.01,17.46,21.26,18.97,12.92,8.75,3.91,1.67,0.63,0.21,0.05,0.0,0.0,0.0,0.0,0.0
371,2014-02-17,0.209,277.67,59.93,22.19,41.06,0.0,0.0,0.16,0.68,4.01,8.44,13.96,19.79,18.54,15.99,10.26,6.09,1.56,0.47,0.05,0.0,0.0,0.0,0.0,0.0,0.0
372,2014-02-24,0.248,281.36,68.25,15.85,42.05,0.0,0.0,0.26,0.78,4.58,8.12,10.62,16.61,17.97,16.98,14.53,7.6,1.72,0.21,0.0,0.0,0.0,0.0,0.0,0.0,0.0
373,2014-03-03,0.28300000000000003,284.24,73.2,12.08,42.64,0.0,0.0,0.42,1.41,4.95,6.77,10.16,13.96,16.35,17.24,18.28,8.85,1.51,0.1,0.0,0.0,0.0,0.0,0.0,0.0,0.0
374,2014-03-10,0.315,286.94,75.57,7.76,41.67,0.0,0.05,0.89,3.39,5.57,6.82,10.21,12.5,14.95,17.14,20.21,7.34,0.89,0.05,0.0,0.0,0.0,0.0,0.0,0.0,0.0
375,2014-03-17,0.34299999999999997,289.2,77.68,6.14,41.91,0.0,0.05,1.25,3.7,5.57,6.15,9.38,11.46,15.47,15.52,23.65,6.93,0.83,0.05,0.0,0.0,0.0,0.0,0.0,0.0,0.0
376,2014-03-24,0.368,290.97,78.69,7.21,42.95,0.0,0.1,0.94,3.85,5.1,5.89,8.28,10.94,13.54,15.57,23.07,10.47,2.19,0.05,0.0,0.0,0.0,0.0,0.0,0.0,0.0
377,2014-03-31,0.39399999999999996,292.48,78.77,8.7,43.73,0.0,0.05,1.2,3.8,5.21,5.68,7.55,10.16,12.97,14.9,20.99,12.24,4.58,0.68,0.0,0.0,0.0,0.0,0.0,0.0,0.0
378,2014-04-07,0.42,293.69,77.73,12.56,45.15,0.0,0.0,1.15,3.59,5.26,6.3,6.61,8.91,11.88,14.64,16.61,12.66,8.65,2.81,0.68,0.26,0.0,0.0,0.0,0.0,0.0
379,2014-04-14,0.447,294.7,76.26,19.47,47.86,0.0,0.05,0.94,3.39,4.38,6.93,6.88,6.88,9.95,11.77,13.07,12.6,10.52,7.66,2.97,1.35,0.42,0.16,0.05,0.0,0.05
380,2014-04-21,0.47200000000000003,295.59,74.69,29.13,51.91,0.0,0.1,0.83,2.71,4.53,5.1,5.78,7.34,7.86,8.49,10.21,10.26,11.2,9.95,7.66,4.64,2.4,0.52,0.1,0.16,0.16
381,2014-04-28,0.491,296.25,72.72,38.58,55.65,0.0,0.1,0.73,2.29,3.23,5.26,4.43,6.41,7.19,7.66,8.44,9.53,10.36,9.01,8.02,7.92,5.57,2.55,0.78,0.42,0.1
382,2014-05-05,0.509,297.08,70.2,44.96,57.58,0.0,0.16,0.68,2.08,2.34,5.21,5.57,4.74,6.61,7.55,7.97,8.96,9.27,8.91,8.07,8.49,6.04,4.11,2.24,0.62,0.36
383,2014-05-12,0.519,297.37,66.62,51.62,59.12,0.05,0.1,0.36,1.25,2.29,3.39,5.47,5.36,6.04,7.34,9.48,9.11,8.33,8.33,9.95,8.39,6.98,3.91,2.71,0.99,0.16
384,2014-05-19,0.526,297.76,64.9,56.79,60.85,0.0,0.1,0.21,0.47,0.83,2.03,3.7,4.74,7.03,8.07,10.62,9.43,10.0,9.74,10.57,8.18,5.83,4.84,2.6,0.83,0.16
385,2014-05-26,0.53,298.16,63.72,58.54,61.13,0.0,0.0,0.1,0.21,0.52,1.56,2.66,4.38,6.56,8.91,10.26,10.68,11.88,13.28,8.44,8.39,5.83,4.27,1.51,0.42,0.16
386,2014-06-02,0.535,298.74,66.44,55.84,61.14,0.0,0.0,0.0,0.21,0.57,1.15,2.29,4.48,6.2,8.8,10.31,12.19,11.67,12.45,10.62,8.44,5.68,3.39,1.15,0.26,0.16
387,2014-06-09,0.5329999999999999,299.21,67.45,53.8,60.62,0.0,0.0,0.05,0.31,0.47,0.62,3.28,4.48,6.61,9.11,11.04,12.29,11.93,10.83,10.36,8.8,5.47,2.86,1.25,0.16,0.05
388,2014-06-16,0.526,299.6,66.22,53.68,59.95,0.0,0.0,0.16,0.21,0.42,1.41,3.44,5.31,7.29,9.22,10.89,11.04,11.04,10.89,10.16,8.65,5.94,2.29,1.46,0.16,0.05
389,2014-06-23,0.514,299.83,63.13,53.78,58.46,0.0,0.0,0.1,0.31,0.83,2.08,4.69,5.83,8.39,10.47,10.16,9.84,10.26,10.57,9.01,8.23,4.79,3.28,0.89,0.26,0.0
390,2014-06-30,0.5,300.47,60.45,51.04,55.74,0.0,0.0,0.21,0.52,1.56,3.28,6.04,6.93,10.26,10.0,9.58,11.41,9.48,8.28,7.86,6.51,5.42,2.03,0.62,0.0,0.0
391,2014-07-07,0.485,301.41,57.44,45.21,51.33,0.0,0.05,0.62,1.67,2.86,5.62,7.19,9.79,10.42,10.57,10.05,9.58,8.8,6.35,5.99,5.78,3.33,1.2,0.1,0.0,0.0
392,2014-07-14,0.466,302.31,53.78,38.87,46.32,0.0,0.78,1.3,3.39,5.42,7.55,10.21,10.26,10.94,10.05,9.69,7.45,6.25,5.52,5.0,3.54,1.93,0.73,0.0,0.0,0.0
393,2014-07-21,0.445,303.22,50.84,31.17,41.0,0.47,1.3,3.28,5.42,8.18,9.74,11.51,10.68,10.83,10.05,6.46,6.46,5.31,4.48,2.66,2.24,0.89,0.05,0.0,0.0,0.0
394,2014-07-28,0.423,303.66,48.04,24.64,36.34,1.46,2.6,5.05,8.85,9.9,11.04,11.09,11.88,9.27,7.14,5.78,5.31,4.27,3.59,1.61,0.89,0.26,0.0,0.0,0.0,0.0
395,2014-08-04,0.40299999999999997,303.85,46.1,19.36,32.73,2.55,4.27,7.55,9.69,11.51,11.46,11.88,10.31,7.71,6.67,5.16,3.59,3.96,2.24,0.94,0.42,0.1,0.0,0.0,0.0,0.0
396,2014-08-11,0.38299999999999995,303.7,43.33,16.88,30.1,3.91,5.94,8.23,11.09,12.97,12.03,10.94,8.85,7.6,5.42,3.59,3.96,2.81,1.88,0.52,0.21,0.05,0.0,0.0,0.0,0.0
397,2014-08-18,0.363,303.36,39.62,15.15,27.38,5.57,6.56,10.78,12.92,13.39,12.29,9.69,7.55,6.56,4.58,4.27,2.14,2.14,0.99,0.36,0.1,0.1,0.0,0.0,0.0,0.0
398,2014-08-25,0.344,302.66,35.92,13.97,24.95,6.3,9.43,12.4,14.53,12.97,12.34,8.33,6.82,5.68,4.17,2.97,1.82,0.89,0.83,0.31,0.16,0.0,0.0,0.05,0.0,0.0
399,2014-09-01,0.327,301.52,32.17,12.95,22.56,6.93,11.72,15.73,14.43,13.12,11.77,8.02,6.72,4.22,2.92,1.88,1.04,0.73,0.57,0.1,0.05,0.0,0.05,0.0,0.0,0.0
400,2014-09-08,0.311,300.37,28.99,12.55,20.77,7.97,11.88,17.2,16.68,13.86,11.0,8.23,5.42,2.71,2.24,1.35,0.78,0.47,0.1,0.05,0.05,0.0,0.0,0.0,0.0,0.0
401,2014-09-15,0.29600000000000004,299.04,27.0,12.91,19.95,6.83,12.82,18.71,17.82,15.01,10.47,7.97,4.33,2.5,1.51,1.04,0.47,0.36,0.1,0.05,0.0,0.0,0.0,0.0,0.0,0.0
402,2014-09-22,0.282,297.08,26.05,15.23,20.65,4.38,12.0,17.75,19.57,15.71,11.9,7.72,5.38,2.71,1.3,0.99,0.31,0.16,0.1,0.0,0.0,0.0,0.0,0.0,0.0,0.0
403,2014-09-29,0.27,294.73,26.51,20.37,23.45,1.36,6.53,14.9,18.71,19.39,14.22,10.56,6.59,3.55,2.56,0.99,0.42,0.1,0.1,0.0,0.0,0.0,0.0,0.0,0.0,0.0
404,2014-10-06,0.257,292.16,27.59,24.57,26.07,0.42,3.3,8.97,17.72,18.2,18.62,14.37,8.44,5.72,2.57,0.89,0.42,0.26,0.1,0.0,0.0,0.0,0.0,0.0,0.0,0.0
405,2014-10-13,0.242,289.52,28.79,25.15,26.98,0.32,2.58,8.7,14.5,19.03,18.4,15.97,10.49,5.01,2.58,1.42,0.63,0.26,0.11,0.0,0.0,0.0,0.0,0.0,0.0,0.0
406,2014-10-20,0.22899999999999998,287.16,29.44,24.55,26.99,0.0,1.27,7.06,14.87,21.08,20.98,17.15,9.13,4.78,2.12,1.01,0.37,0.16,0.0,0.0,0.0,0.0,0.0,0.0,0.0,0.0
407,2014-10-27,0.215,284.57,29.76,24.14,26.93,0.0,1.17,6.29,15.14,22.12,22.55,16.52,7.94,4.37,1.97,1.33,0.27,0.27,0.05,0.0,0.0,0.0,0.0,0.0,0.0,0.0
408,2014-11-03,0.2,281.65,32.59,28.38,30.48,0.0,1.32,5.32,11.22,16.23,18.02,17.86,11.17,7.8,4.27,3.48,2.0,0.53,0.42,0.32,0.05,0.0,0.0,0.0,0.0,0.0
409,2014-11-10,0.184,278.78,32.19,35.33,33.74,0.0,0.74,3.53,8.86,13.76,15.76,15.39,14.39,8.75,6.64,5.27,3.9,1.48,0.84,0.47,0.11,0.05,0.05,0.0,0.0,0.0
410,2014-11-17,0.16899999999999998,276.09,31.28,40.12,35.73,0.0,0.26,2.78,6.45,12.06,14.89,15.47,14.42,9.91,8.7,5.82,5.4,2.31,0.94,0.37,0.21,0.0,0.0,0.0,0.0,0.0
411,2014-11-24,0.156,273.84,31.21,43.28,37.26,0.0,0.1,2.09,4.92,10.41,13.08,16.21,14.28,12.45,8.89,7.43,5.44,2.93,1.31,0.31,0.16,0.0,0.0,0.0,0.0,0.0
412,2014-12-01,0.14400000000000002,271.39,30.97,45.71,38.34,0.05,0.05,1.1,3.91,8.5,14.97,15.34,15.49,12.15,9.49,7.25,5.84,3.44,1.72,0.42,0.21,0.05,0.0,0.0,0.0,0.0
413,2014-12-08,0.135,269.76,30.39,45.03,37.71,0.0,0.26,1.46,4.91,9.45,14.87,15.97,13.47,12.27,8.51,7.78,5.64,2.82,1.67,0.57,0.26,0.1,0.0,0.0,0.0,0.0
414,2014-12-15,0.128,268.52,31.16,44.28,37.71,0.0,0.16,1.46,4.13,9.77,14.73,15.93,14.88,12.06,8.98,6.74,5.54,3.08,1.57,0.63,0.26,0.1,0.0,0.0,0.0,0.0
415,2014-12-22,0.121,267.45,31.07,45.82,38.44,0.0,0.21,0.73,3.08,7.84,13.9,16.57,16.83,13.75,9.25,7.63,5.44,2.98,0.89,0.63,0.21,0.05,0.0,0.0,0.0,0.0
416,2014-12-29,0.11699999999999999,266.82,34.5,47.81,41.15,0.0,0.05,0.26,1.1,4.29,9.46,17.09,16.88,16.83,12.91,8.89,5.44,4.03,1.67,0.42,0.52,0.05,0.0,0.05,0.05,0.0
417,2015-01-05,0.114,266.88,36.05,49.02,42.53,0.0,0.0,0.16,0.78,2.61,8.04,13.32,19.43,18.49,13.79,10.13,6.37,3.86,1.31,1.1,0.37,0.21,0.0,0.05,0.0,0.0
418,2015-01-12,0.12,268.15,37.13,44.3,40.71,0.0,0.0,0.16,0.42,3.65,8.24,18.1,20.4,18.83,13.25,8.45,4.43,1.93,1.1,0.68,0.31,0.05,0.0,0.0,0.0,0.0
419,2015-01-19,0.13699999999999998,270.69,40.82,36.33,38.58,0.0,0.0,0.05,0.78,3.96,11.36,20.64,22.98,19.49,9.64,6.15,2.61,1.2,0.73,0.26,0.05,0.1,0.0,0.0,0.0,0.0
420,2015-01-26,0.159,273.3,47.09,27.7,37.39,0.0,0.0,0.1,0.99,5.32,12.77,21.99,24.39,16.99,9.43,4.64,1.98,0.99,0.31,0.05,0.05,0.0,0.0,0.0,0.0,0.0
421,2015-02-02,0.17600000000000002,275.25,52.55,22.58,37.56,0.0,0.0,0.0,1.51,6.36,13.13,20.9,20.38,18.13,9.74,5.89,3.13,0.57,0.16,0.1,0.0,0.0,0.0,0.0,0.0,0.0
422,2015-02-09,0.188,277.23,55.95,19.14,37.54,0.0,0.0,0.05,2.29,7.19,13.76,18.81,18.34,17.04,11.83,6.88,2.92,0.68,0.05,0.16,0.0,0.0,0.0,0.0,0.0,0.0
423,2015-02-16,0.20600000000000002,280.38,59.51,14.41,36.96,0.0,0.0,0.31,3.49,8.02,15.05,16.56,18.12,15.0,11.93,8.8,2.45,0.16,0.1,0.0,0.0,0.0,0.0,0.0,0.0,0.0
424,2015-02-23,0.221,283.06,62.06,10.97,36.51,0.0,0.0,0.52,4.32,9.01,15.16,17.14,16.72,12.92,12.34,9.32,2.5,0.05,0.0,0.0,0.0,0.0,0.0,0.0,0.0,0.0
425,2015-03-02,0.23600000000000002,285.28,62.15,8.96,35.55,0.0,0.1,1.2,5.73,11.15,14.43,17.6,15.21,12.86,10.16,9.22,2.34,0.0,0.0,0.0,0.0,0.0,0.0,0.0,0.0,0.0
426,2015-03-09,0.252,287.21,60.69,6.84,33.76,0.0,0.26,2.92,7.4,13.23,17.14,14.9,13.96,11.61,9.32,6.93,2.24,0.1,0.0,0.0,0.0,0.0,0.0,0.0,0.0,0.0
427,2015-03-16,0.266,288.24,59.34,9.48,34.41,0.0,0.36,2.71,7.97,12.08,16.15,15.1,12.92,11.98,9.11,7.55,3.49,0.57,0.0,0.0,0.0,0.0,0.0,0.0,0.0,0.0
428,2015-03-23,0.28300000000000003,289.16,58.78,13.85,36.32,0.0,0.26,2.03,6.2,12.24,13.39,14.27,13.54,13.07,9.27,7.4,5.31,2.6,0.36,0.05,0.0,0.0,0.0,0.0,0.0,0.0
429,2015-03-30,0.308,290.52,59.57,16.58,38.07,0.0,0.05,1.56,5.89,9.79,13.07,13.28,13.18,13.44,9.58,8.54,5.99,4.43,0.99,0.1,0.05,0.05,0.0,0.0,0.0,0.0
430,2015-04-06,0.336,291.93,59.59,20.56,40.07,0.0,0.05,0.94,5.0,8.7,10.62,13.12,12.92,13.33,11.15,9.11,6.72,4.84,3.07,0.36,0.05,0.0,0.0,0.0,0.0,0.0
431,2015-04-13,0.37,293.59,59.78,25.39,42.59,0.0,0.16,1.09,3.96,7.55,8.65,11.09,11.77,12.76,11.2,10.42,8.7,5.73,4.11,2.19,0.47,0.1,0.05,0.0,0.0,0.0
432,2015-04-20,0.409,295.42,61.31,29.95,45.63,0.0,0.47,1.77,3.85,6.09,7.97,8.07,10.26,9.79,10.62,10.52,8.7,8.07,6.3,3.85,2.6,0.94,0.1,0.0,0.0,0.0
433,2015-04-27,0.446,296.74,62.96,34.82,48.89,0.05,0.47,1.93,3.49,5.47,6.93,8.07,7.71,8.8,9.48,8.85,8.39,8.39,7.19,6.04,5.0,2.4,1.04,0.26,0.05,0.0
434,2015-05-04,0.475,297.07,62.59,45.58,54.09,0.0,0.52,1.93,2.97,4.58,5.78,6.2,6.72,6.82,6.77,8.23,8.23,7.76,7.24,6.98,6.46,4.95,4.58,2.55,0.68,0.05
435,2015-05-11,0.503,297.83,62.94,48.3,55.62,0.0,0.31,1.77,2.76,4.58,5.94,4.9,6.56,6.35,6.35,8.59,7.92,8.07,7.45,6.98,5.99,5.68,4.32,3.7,1.72,0.05
436,2015-05-18,0.529,299.43,65.98,43.79,54.89,0.0,0.16,1.09,2.45,4.22,4.74,5.78,7.14,7.71,7.97,8.59,8.33,8.75,7.92,7.5,5.99,4.74,3.44,2.45,0.94,0.1
437,2015-05-25,0.544,300.19,67.76,43.64,55.7,0.0,0.1,0.47,0.94,3.28,4.38,5.05,6.72,9.06,9.11,8.96,9.69,9.48,9.27,8.39,5.21,4.43,3.28,1.61,0.47,0.1
438,2015-06-01,0.55,300.5,70.67,43.16,56.91,0.0,0.0,0.21,0.57,1.09,2.4,4.9,6.46,8.75,9.11,10.99,11.72,11.61,11.51,7.4,6.04,3.8,1.77,1.25,0.36,0.05
439,2015-06-08,0.5479999999999999,300.43,71.48,45.0,58.24,0.0,0.0,0.1,0.21,0.68,1.25,2.19,5.21,7.66,10.0,12.92,13.96,13.8,11.56,9.11,5.83,3.39,1.46,0.62,0.0,0.05
440,2015-06-15,0.541,300.04,69.88,50.27,60.08,0.0,0.0,0.0,0.0,0.52,0.94,2.03,4.38,5.57,9.84,11.88,14.17,13.02,12.97,10.16,7.66,4.84,1.72,0.31,0.0,0.0
441,2015-06-22,0.536,299.87,68.99,52.7,60.85,0.0,0.0,0.0,0.31,0.47,1.61,2.6,4.53,6.72,7.55,9.74,12.24,12.34,11.56,10.89,9.58,6.46,2.71,0.68,0.0,0.0
442,2015-06-29,0.535,299.91,69.58,53.62,61.6,0.0,0.05,0.05,0.21,0.83,1.77,3.18,4.9,6.61,7.45,8.02,11.3,10.42,10.42,9.79,10.89,8.39,4.84,0.89,0.0,0.0
443,2015-07-06,0.531,300.11,69.13,52.38,60.75,0.0,0.05,0.1,0.36,1.41,1.61,4.74,5.26,6.67,7.45,8.85,10.62,9.32,8.96,9.06,11.3,8.7,4.84,0.62,0.05,0.0
444,2015-07-13,0.523,300.54,68.7,49.13,58.92,0.0,0.05,0.26,0.83,1.61,4.17,4.58,6.41,6.72,8.59,7.86,9.27,8.02,8.07,10.31,9.69,8.23,4.43,0.89,0.0,0.0
445,2015-07-20,0.511,301.08,68.27,43.82,56.04,0.05,0.05,0.73,1.15,3.39,4.95,5.78,6.25,7.6,8.91,7.76,8.18,7.76,9.22,9.69,7.97,6.88,3.23,0.47,0.0,0.0
446,2015-07-27,0.491,301.39,67.07,38.23,52.65,0.05,0.36,1.2,2.5,4.64,6.25,5.78,6.93,8.85,7.76,8.02,7.45,9.27,9.38,8.39,7.4,4.27,1.25,0.26,0.0,0.0
447,2015-08-03,0.46399999999999997,301.5,64.18,34.03,49.1,0.1,0.68,2.34,3.39,6.25,6.09,6.61,7.97,8.44,8.8,8.12,8.54,8.91,7.19,8.65,4.79,2.24,0.78,0.1,0.0,0.0
448,2015-08-10,0.436,301.63,59.52,30.93,45.22,0.31,1.51,3.02,5.05,6.93,6.93,7.66,9.01,8.91,9.17,9.01,7.08,8.7,6.3,5.62,3.02,1.25,0.47,0.05,0.0,0.0
449,2015-08-17,0.409,301.67,54.41,28.04,41.22,0.78,2.34,4.53,6.72,7.24,8.96,9.06,8.96,10.1,9.17,6.77,7.14,6.98,4.17,3.8,1.88,1.09,0.26,0.05,0.0,0.0
450,2015-08-24,0.38299999999999995,301.35,48.59,25.4,37.0,1.51,3.33,6.2,8.23,8.8,9.9,9.79,10.57,9.38,7.6,6.88,6.2,5.31,2.5,1.82,1.04,0.68,0.21,0.05,0.0,0.0
451,2015-08-31,0.359,300.96,42.3,18.45,30.37,2.71,5.16,9.84,10.52,11.15,12.71,11.61,10.16,7.81,6.88,5.16,2.97,1.35,0.94,0.52,0.31,0.1,0.1,0.0,0.0,0.0
452,2015-09-07,0.337,300.18,36.86,14.85,25.85,4.33,6.88,10.79,13.24,16.0,13.24,11.78,8.55,6.77,4.01,2.19,1.15,0.57,0.16,0.21,0.1,0.05,0.0,0.0,0.0,0.0
453,2015-09-14,0.317,299.07,32.75,13.31,23.03,4.95,7.66,12.92,18.08,16.26,14.49,10.53,6.36,4.69,2.08,1.25,0.16,0.26,0.1,0.16,0.05,0.0,0.0,0.0,0.0,0.0
454,2015-09-21,0.297,297.56,29.66,11.84,20.74,4.65,9.6,16.34,20.88,18.11,12.06,8.4,4.54,3.13,1.36,0.47,0.31,0.05,0.1,0.0,0.0,0.0,0.0,0.0,0.0,0.0
455,2015-09-28,0.27899999999999997,295.43,28.41,14.85,21.63,2.88,8.15,15.32,21.85,18.82,14.64,8.26,4.7,3.24,1.25,0.52,0.16,0.16,0.05,0.0,0.0,0.0,0.0,0.0,0.0,0.0
456,2015-10-05,0.26,292.99,27.9,17.61,22.74,1.26,5.72,14.0,21.19,21.55,15.31,10.38,5.56,3.04,1.15,0.52,0.16,0.1,0.0,0.05,0.0,0.0,0.0,0.0,0.0,0.0
457,2015-10-12,0.24100000000000002,290.79,28.43,13.69,21.07,0.9,5.01,18.4,24.51,23.14,14.34,8.07,3.16,1.37,0.84,0.16,0.05,0.0,0.05,0.0,0.0,0.0,0.0,0.0,0.0,0.0
458,2015-10-19,0.22399999999999998,288.48,28.34,14.1,21.19,0.27,3.03,16.83,27.51,25.65,15.19,7.33,2.5,1.06,0.42,0.16,0.05,0.0,0.0,0.0,0.0,0.0,0.0,0.0,0.0,0.0
459,2015-10-26,0.205,286.06,27.62,13.32,20.44,0.21,3.46,20.47,28.25,24.36,13.22,5.92,2.4,1.01,0.21,0.27,0.16,0.05,0.0,0.0,0.0,0.0,0.0,0.0,0.0,0.0
460,2015-11-02,0.185,283.57,28.81,13.32,21.03,0.37,7.8,20.13,25.5,19.28,11.38,6.74,4.0,2.05,1.21,0.79,0.58,0.05,0.11,0.0,0.0,0.0,0.0,0.0,0.0,0.0
461,2015-11-09,0.168,280.6,28.15,20.01,24.04,0.21,5.38,17.13,19.35,19.35,13.13,9.8,5.96,3.74,2.37,2.16,1.0,0.32,0.11,0.0,0.0,0.0,0.0,0.0,0.0,0.0
462,2015-11-16,0.157,277.83,27.9,25.59,26.73,0.37,3.78,13.21,17.3,18.51,13.27,11.12,6.76,5.19,3.62,2.99,2.52,1.1,0.26,0.0,0.0,0.0,0.0,0.0,0.0,0.0
463,2015-11-23,0.15,275.87,29.47,27.51,28.48,0.26,3.5,9.15,15.95,17.42,15.95,11.51,7.95,5.96,3.87,3.82,2.82,1.26,0.31,0.21,0.05,0.0,0.0,0.0,0.0,0.0
464,2015-11-30,0.146,274.53,31.66,24.33,27.97,0.26,3.23,9.02,15.28,19.35,14.97,12.57,9.08,6.16,4.33,2.76,1.51,0.89,0.31,0.1,0.1,0.05,0.0,0.0,0.0,0.0
465,2015-12-07,0.14300000000000002,272.93,33.27,24.14,28.68,0.21,2.51,8.4,14.41,17.64,16.7,13.15,9.76,6.42,4.07,3.44,1.98,0.63,0.37,0.0,0.21,0.1,0.0,0.0,0.0,0.0
466,2015-12-14,0.138,271.49,35.09,26.81,30.93,0.05,1.36,4.6,11.7,16.71,17.96,14.52,12.27,8.41,4.91,3.97,1.57,1.2,0.31,0.21,0.1,0.16,0.0,0.0,0.0,0.0
467,2015-12-21,0.134,270.21,35.8,31.65,33.7,0.05,0.31,2.3,7.53,13.7,18.45,15.84,15.26,10.3,6.85,4.34,2.93,1.05,0.58,0.31,0.1,0.05,0.05,0.0,0.0,0.0
468,2016-01-04,0.126,268.3,37.99,41.12,39.53,0.0,0.1,0.42,1.88,6.12,12.39,17.98,17.41,14.48,12.08,6.27,5.38,2.77,1.41,0.52,0.58,0.1,0.0,0.1,0.0,0.0
469,2016-01-11,0.11599999999999999,266.57,36.71,51.26,43.97,0.0,0.0,0.05,0.73,2.04,7.15,12.74,16.71,17.65,15.93,10.18,7.47,4.23,2.77,1.2,0.84,0.21,0.1,0.0,0.0,0.0
470,2016-01-18,0.11199999999999999,266.2,34.64,53.2,43.9,0.0,0.0,0.0,0.31,2.03,5.48,12.31,18.1,18.99,17.27,10.54,7.62,3.13,2.56,0.89,0.52,0.21,0.05,0.0,0.0,0.0
471,2016-01-25,0.11,266.85,33.07,50.34,41.71,0.0,0.0,0.0,0.47,2.55,6.72,14.75,21.47,21.89,13.71,9.74,3.86,2.29,1.77,0.42,0.31,0.05,0.0,0.0,0.0,0.0
472,2016-02-01,0.113,268.63,34.03,43.39,38.7,0.0,0.0,0.05,0.68,3.8,11.0,20.53,23.97,17.3,12.61,5.0,2.45,1.62,0.52,0.36,0.05,0.05,0.0,0.0,0.0,0.0
473,2016-02-08,0.121,271.33,37.02,35.43,36.22,0.0,0.0,0.05,1.25,6.41,15.53,24.91,22.36,15.16,7.76,4.06,1.51,0.52,0.31,0.05,0.05,0.0,0.05,0.0,0.0,0.0
474,2016-02-15,0.136,274.49,40.99,27.97,34.48,0.0,0.0,0.16,1.77,9.85,19.96,25.12,19.59,13.08,5.78,2.81,1.3,0.26,0.16,0.16,0.0,0.0,0.0,0.0,0.0,0.0
475,2016-02-22,0.15,277.25,43.97,23.66,33.81,0.0,0.0,0.1,2.24,10.31,21.77,23.59,21.25,12.45,4.58,2.55,0.62,0.42,0.1,0.0,0.0,0.0,0.0,0.0,0.0,0.0
476,2016-02-29,0.16,279.34,45.23,21.8,33.51,0.0,0.0,0.1,2.4,11.15,21.88,24.64,20.0,11.98,4.95,1.82,0.78,0.26,0.05,0.0,0.0,0.0,0.0,0.0,0.0,0.0
477,2016-03-07,0.172,281.04,44.98,21.67,33.33,0.0,0.0,0.31,2.66,11.2,22.81,24.53,19.43,11.09,4.79,1.82,0.89,0.47,0.0,0.0,0.0,0.0,0.0,0.0,0.0,0.0
478,2016-03-14,0.23,286.0,54.75,11.12,32.94,0.0,0.1,2.6,7.81,14.11,18.12,17.66,13.75,11.25,8.12,3.91,2.19,0.36,0.0,0.0,0.0,0.0,0.0,0.0,0.0,0.0
479,2016-03-21,0.254,288.06,56.56,10.1,33.33,0.0,0.42,3.12,8.54,13.91,16.15,16.25,13.07,11.51,8.28,5.36,2.86,0.42,0.1,0.0,0.0,0.0,0.0,0.0,0.0,0.0
480,2016-03-28,0.285,290.18,59.74,10.08,34.91,0.0,0.42,2.81,7.34,11.98,15.26,12.76,15.26,12.55,9.38,7.08,4.01,1.04,0.1,0.0,0.0,0.0,0.0,0.0,0.0,0.0
481,2016-04-04,0.324,292.01,63.7,10.55,37.12,0.0,0.26,2.86,5.78,10.16,11.46,13.02,13.8,14.01,10.57,10.42,5.78,1.61,0.21,0.05,0.0,0.0,0.0,0.0,0.0,0.0
482,2016-04-11,0.36200000000000004,293.21,65.83,14.59,40.21,0.0,0.21,2.45,4.79,7.92,9.58,11.46,11.51,12.45,13.59,11.61,7.66,4.79,1.51,0.42,0.05,0.0,0.0,0.0,0.0,0.0
483,2016-04-18,0.40399999999999997,294.22,67.43,21.97,44.7,0.0,0.1,1.88,3.91,5.89,7.6,9.53,8.91,10.16,11.35,13.07,11.09,8.07,4.95,2.29,0.83,0.36,0.0,0.0,0.0,0.0
484,2016-04-25,0.44,294.74,68.26,34.9,51.58,0.0,0.0,1.35,2.81,3.91,5.42,6.77,7.14,6.77,9.01,9.48,11.3,11.51,9.79,7.19,4.27,2.4,0.73,0.1,0.05,0.0
485,2016-05-02,0.469,294.68,68.29,50.83,59.56,0.0,0.0,0.52,1.46,2.34,2.81,4.32,5.73,6.09,7.14,6.88,8.96,9.74,10.1,11.93,9.43,7.03,3.91,1.15,0.36,0.1
486,2016-05-09,0.493,294.57,66.84,66.33,66.59,0.0,0.0,0.31,0.57,1.2,2.14,2.55,3.59,3.8,6.61,5.89,6.93,8.02,9.22,10.0,11.04,11.51,8.91,5.1,2.03,0.57
487,2016-05-16,0.513,294.58,65.45,75.47,70.46,0.0,0.0,0.1,0.47,0.62,1.2,1.56,2.5,3.28,4.58,5.94,6.93,7.24,9.17,9.58,11.88,11.67,10.83,7.71,3.7,1.04
488,2016-05-23,0.53,294.7,66.26,81.05,73.66,0.0,0.0,0.0,0.1,0.16,0.62,0.89,2.08,2.14,3.02,5.21,6.2,7.66,8.96,10.78,11.25,12.71,12.29,10.05,4.64,1.25
489,2016-05-30,0.544,294.95,67.9,82.12,75.01,0.0,0.0,0.0,0.0,0.16,0.21,0.42,0.99,1.98,2.5,4.32,6.51,7.29,8.28,12.5,11.88,14.27,13.44,10.52,3.49,1.25
490,2016-06-06,0.5539999999999999,295.41,72.15,79.35,75.75,0.0,0.0,0.0,0.0,0.1,0.0,0.16,0.68,1.35,2.08,3.18,5.26,6.67,10.57,11.88,14.53,16.77,14.9,8.28,3.07,0.52
491,2016-06-13,0.561,296.03,75.44,76.14,75.79,0.0,0.0,0.0,0.0,0.05,0.0,0.21,0.21,0.52,1.56,2.6,5.16,6.72,10.62,14.32,17.08,19.27,13.8,6.35,1.35,0.16
492,2016-06-20,0.565,296.92,77.11,72.27,74.69,0.0,0.0,0.0,0.0,0.0,0.0,0.16,0.26,0.57,1.46,2.6,4.32,8.33,12.4,16.77,18.33,17.92,11.61,4.48,0.78,0.0
493,2016-06-27,0.5660000000000001,297.74,77.38,67.82,72.6,0.0,0.0,0.0,0.0,0.0,0.16,0.1,0.52,1.15,2.66,3.28,7.08,9.32,12.29,16.35,17.4,16.35,10.0,3.23,0.1,0.0
494,2016-07-04,0.563,298.65,77.17,62.57,69.87,0.0,0.0,0.0,0.0,0.16,0.21,0.62,1.61,2.5,3.44,5.89,7.86,9.38,12.24,14.58,17.14,14.79,8.02,1.41,0.16,0.0
495,2016-07-11,0.552,299.37,74.78,57.7,66.24,0.0,0.0,0.05,0.05,0.1,0.73,1.93,3.23,3.96,5.47,6.61,8.44,9.84,12.08,15.16,15.83,9.53,6.3,0.62,0.05,0.0
496,2016-07-18,0.539,300.09,72.68,52.63,62.66,0.0,0.0,0.05,0.21,1.09,1.61,3.44,4.17,5.68,6.04,8.12,8.02,10.78,11.82,14.06,11.72,8.91,3.85,0.42,0.0,0.0
497,2016-07-25,0.52,300.54,70.52,48.08,59.3,0.0,0.1,0.26,0.62,1.77,2.6,4.64,6.09,5.52,6.93,8.59,8.96,11.25,11.67,10.78,11.3,6.61,2.14,0.16,0.0,0.0
498,2016-08-01,0.49700000000000005,300.82,68.62,42.71,55.66,0.0,0.36,0.62,1.51,2.03,4.48,5.73,6.04,7.24,7.76,8.44,10.47,10.42,10.47,10.26,8.91,4.43,0.83,0.0,0.0,0.0
499,2016-08-08,0.474,300.86,66.73,39.02,52.87,0.21,0.68,1.2,1.72,3.18,5.62,5.62,7.34,7.76,7.86,9.43,9.64,10.47,9.84,8.7,7.14,3.02,0.57,0.0,0.0,0.0
500,2016-08-15,0.45,300.92,63.19,36.36,49.78,0.47,0.89,1.77,2.71,4.58,5.52,7.24,8.28,7.86,8.91,9.01,9.38,10.89,7.5,6.93,5.0,2.6,0.42,0.05,0.0,0.0
501,2016-08-22,0.42700000000000005,300.91,59.17,34.02,46.6,0.62,1.41,2.6,4.11,5.36,6.82,8.28,7.92,9.32,8.33,9.74,9.01,8.33,6.82,4.9,3.59,1.93,0.73,0.16,0.0,0.0
502,2016-08-29,0.402,300.59,54.24,31.49,42.86,0.83,2.34,3.49,5.21,6.67,8.49,8.54,9.17,10.16,9.43,8.44,8.18,6.77,4.64,3.33,2.19,1.25,0.62,0.21,0.05,0.0
503,2016-09-05,0.37799999999999995,299.93,48.08,26.59,37.34,1.82,2.4,5.1,5.99,9.01,10.31,11.3,10.83,12.08,8.44,8.02,5.16,4.32,2.55,1.35,0.52,0.57,0.16,0.05,0.0,0.0
504,2016-09-12,0.353,298.8,41.93,25.42,33.67,2.29,2.97,4.85,6.41,11.31,12.98,13.39,14.17,10.11,8.29,5.68,3.18,1.98,1.46,0.52,0.31,0.0,0.1,0.0,0.0,0.0
505,2016-09-19,0.331,297.09,37.07,28.87,32.97,1.46,2.55,5.21,7.4,10.79,13.81,15.69,14.64,10.68,7.71,4.64,2.55,1.3,0.68,0.68,0.1,0.0,0.1,0.0,0.0,0.0
506,2016-09-26,0.311,294.4,33.41,38.16,35.79,0.42,1.04,3.18,5.27,9.71,12.37,17.43,15.61,13.31,9.03,5.74,3.03,1.93,0.84,0.84,0.16,0.1,0.0,0.0,0.0,0.0
507,2016-10-03,0.29100000000000004,291.35,31.52,50.09,40.82,0.0,0.1,0.84,1.99,4.29,10.77,12.81,17.93,17.09,13.8,10.19,5.02,1.88,1.93,1.05,0.26,0.05,0.0,0.0,0.0,0.0
508,2016-10-10,0.276,288.46,31.8,57.46,44.63,0.0,0.0,0.0,0.63,1.52,4.14,10.91,15.89,20.35,18.62,12.74,7.55,3.99,2.36,1.0,0.26,0.05,0.0,0.0,0.0,0.0
509,2016-10-17,0.262,285.98,33.12,57.93,45.5,0.0,0.0,0.0,0.11,1.48,3.95,8.86,15.76,18.71,19.14,15.08,9.33,4.74,1.95,0.69,0.16,0.05,0.0,0.0,0.0,0.0
510,2016-10-24,0.245,283.65,32.95,53.78,43.31,0.0,0.0,0.05,0.16,1.33,5.42,13.01,18.64,20.07,16.89,12.43,7.28,3.4,1.01,0.27,0.05,0.0,0.0,0.0,0.0,0.0
511,2016-10-31,0.22899999999999998,281.42,32.74,47.41,40.0,0.0,0.05,0.05,0.53,3.3,10.61,18.55,21.32,17.64,10.5,10.18,4.32,1.92,0.69,0.32,0.0,0.0,0.0,0.0,0.0,0.0
512,2016-11-07,0.21100000000000002,279.1,35.31,47.21,41.19,0.0,0.0,0.16,0.53,4.79,11.38,15.81,17.76,16.17,11.06,9.48,6.43,3.06,1.9,0.9,0.32,0.11,0.11,0.05,0.0,0.0
513,2016-11-14,0.198,276.91,35.79,49.1,42.38,0.0,0.05,0.11,0.84,5.59,9.8,14.92,14.71,15.08,12.92,10.07,6.11,5.11,2.58,1.16,0.47,0.26,0.11,0.05,0.05,0.0
514,2016-11-21,0.184,274.57,35.42,51.98,43.69,0.0,0.05,0.21,1.0,4.56,9.12,13.37,14.0,13.42,13.74,10.91,8.29,5.09,3.25,1.52,1.0,0.21,0.21,0.05,0.0,0.0
515,2016-11-28,0.17,272.42,35.67,54.1,44.9,0.0,0.0,0.16,0.73,3.4,8.94,11.45,15.38,13.13,12.66,11.24,9.83,6.17,3.19,2.25,0.68,0.37,0.31,0.0,0.1,0.0
516,2016-12-05,0.157,270.56,35.62,51.65,43.64,0.0,0.0,0.16,0.52,4.17,10.38,13.15,15.7,12.88,12.83,10.64,7.88,5.89,2.76,1.62,0.83,0.31,0.21,0.0,0.0,0.05
517,2016-12-12,0.146,269.18,34.68,49.1,41.89,0.0,0.0,0.16,1.1,5.9,12.89,14.77,15.03,12.63,11.74,8.3,7.57,5.06,2.3,1.2,0.94,0.16,0.1,0.1,0.0,0.05
518,2016-12-19,0.135,268.02,34.24,47.48,40.86,0.0,0.0,0.1,1.36,5.95,13.16,15.87,16.61,14.2,9.14,9.4,6.11,3.97,2.25,0.99,0.52,0.26,0.05,0.0,0.0,0.05
519,2016-12-26,0.125,267.11,33.06,48.03,40.54,0.0,0.0,0.16,0.68,4.5,12.44,18.98,18.19,13.85,11.13,7.42,5.85,3.61,1.67,0.73,0.63,0.05,0.05,0.0,0.05,0.0
520,2017-01-02,0.11699999999999999,266.59,35.14,49.4,42.27,0.0,0.0,0.0,0.37,2.25,7.84,15.47,20.7,18.71,13.75,8.31,5.59,3.4,1.93,0.94,0.37,0.16,0.05,0.16,0.0,0.0
521,2017-01-09,0.115,266.59,36.44,50.4,43.42,0.0,0.0,0.0,0.21,0.94,5.43,13.0,19.79,21.25,16.5,10.34,6.58,3.13,1.46,0.84,0.16,0.21,0.1,0.05,0.0,0.0
522,2017-01-16,0.114,267.04,35.6,48.73,42.15,0.0,0.0,0.0,0.05,1.04,6.36,15.39,20.76,22.01,16.74,8.92,4.69,2.56,0.83,0.26,0.31,0.0,0.0,0.05,0.0,0.0
523,2017-01-23,0.113,267.54,34.13,47.52,40.83,0.0,0.0,0.0,0.0,1.62,7.87,17.2,24.65,20.17,13.76,7.19,4.12,1.98,0.83,0.42,0.21,0.0,0.0,0.0,0.0,0.0
524,2017-01-30,0.114,268.67,34.45,43.15,38.8,0.0,0.0,0.0,0.0,2.55,11.15,21.52,26.78,17.72,10.21,4.95,2.76,1.25,0.99,0.1,0.0,0.0,0.0,0.0,0.0,0.0
525,2017-02-06,0.12,270.41,36.54,38.68,37.6,0.0,0.0,0.0,0.1,3.75,14.64,24.02,24.02,16.57,8.34,3.75,2.45,1.77,0.52,0.05,0.0,0.0,0.0,0.0,0.0,0.0
526,2017-02-13,0.131,272.79,39.34,33.84,36.58,0.0,0.0,0.0,0.47,5.21,16.41,24.02,23.81,15.58,7.14,3.86,2.03,0.94,0.47,0.05,0.0,0.0,0.0,0.0,0.0,0.0
527,2017-02-20,0.147,275.92,43.0,27.89,35.45,0.0,0.0,0.0,0.89,7.29,17.55,25.89,21.82,14.32,6.88,3.07,1.46,0.73,0.1,0.0,0.0,0.0,0.0,0.0,0.0,0.0
528,2017-02-27,0.168,279.55,47.4,21.44,34.42,0.0,0.0,0.05,1.67,10.99,19.64,24.01,19.32,12.86,6.98,2.6,1.41,0.47,0.0,0.0,0.0,0.0,0.0,0.0,0.0,0.0
529,2017-03-06,0.19,282.87,49.56,16.35,32.96,0.0,0.0,0.57,5.47,14.84,19.01,21.88,15.78,12.03,6.25,2.4,1.3,0.42,0.05,0.0,0.0,0.0,0.0,0.0,0.0,0.0
530,2017-03-13,0.218,286.48,51.18,9.57,30.37,0.0,0.68,4.79,12.03,15.99,18.12,15.83,12.81,10.1,5.78,2.29,1.41,0.1,0.05,0.0,0.0,0.0,0.0,0.0,0.0,0.0
531,2017-03-20,0.25,289.63,54.98,5.58,30.28,0.0,1.46,7.81,12.08,14.79,15.94,13.49,12.08,10.1,6.93,4.01,0.99,0.31,0.0,0.0,0.0,0.0,0.0,0.0,0.0,0.0
532,2017-03-27,0.287,292.03,59.46,4.98,32.22,0.0,1.51,6.25,10.73,14.17,13.39,12.4,12.03,10.83,9.64,6.35,2.24,0.47,0.0,0.0,0.0,0.0,0.0,0.0,0.0,0.0
533,2017-04-03,0.32,293.62,61.97,5.89,33.93,0.05,0.94,5.42,9.69,13.02,12.14,12.14,11.93,11.72,10.05,7.5,4.22,1.15,0.0,0.05,0.0,0.0,0.0,0.0,0.0,0.0
534,2017-04-10,0.35600000000000004,295.02,63.66,8.16,35.91,0.1,0.78,4.64,9.27,10.68,12.08,11.72,10.62,11.67,10.26,8.28,6.2,3.02,0.52,0.1,0.05,0.0,0.0,0.0,0.0,0.0
535,2017-04-17,0.396,296.33,64.96,12.18,38.57,0.1,0.94,4.53,7.45,9.43,10.83,10.0,9.11,11.09,11.09,9.22,7.24,4.64,3.23,0.83,0.1,0.16,0.0,0.0,0.0,0.0
536,2017-04-24,0.433,296.84,65.86,22.3,44.08,0.1,0.94,4.06,5.0,7.4,7.86,8.91,7.34,9.32,9.74,9.53,9.27,6.82,6.15,3.44,2.66,0.99,0.16,0.16,0.1,0.05
537,2017-05-01,0.46799999999999997,297.39,67.04,31.6,49.32,0.42,0.83,3.28,3.96,5.78,6.46,6.56,7.34,7.19,7.24,8.75,9.64,8.49,7.03,6.35,4.01,2.97,1.67,1.25,0.42,0.36
538,2017-05-08,0.5,298.16,67.43,37.69,52.56,0.57,1.25,2.76,3.59,5.57,5.78,5.78,6.46,5.89,7.14,7.4,7.08,8.65,7.6,6.61,5.26,4.79,3.8,2.03,1.04,0.94
539,2017-05-15,0.524,298.78,67.13,41.2,54.17,0.94,1.61,2.08,2.97,5.0,5.73,6.04,4.9,6.2,7.76,5.89,7.08,7.81,7.29,7.76,5.52,6.2,4.32,2.24,1.46,1.2
540,2017-05-22,0.542,299.19,67.95,46.02,56.99,0.78,1.35,1.51,2.24,3.18,4.53,5.68,6.25,5.89,6.46,6.98,6.98,7.76,8.07,7.6,7.55,5.89,5.1,3.02,1.77,1.41
541,2017-05-29,0.5489999999999999,299.35,67.95,49.58,58.77,0.47,0.73,1.46,1.67,2.24,3.12,3.96,5.42,7.97,7.24,7.76,8.65,7.08,8.28,8.49,8.44,6.46,5.16,3.07,1.3,1.04
542,2017-06-05,0.5479999999999999,299.91,68.8,46.86,57.83,0.31,0.31,0.83,1.67,1.41,3.28,3.12,5.57,7.81,7.86,10.05,10.57,9.84,10.62,8.65,6.67,5.89,3.07,1.56,0.62,0.26
543,2017-06-12,0.541,300.79,68.08,41.78,54.93,0.42,0.1,0.42,0.83,1.41,2.5,3.44,6.3,8.8,11.41,13.12,13.44,12.03,10.21,6.72,4.48,2.71,0.99,0.52,0.16,0.0
544,2017-06-19,0.53,300.82,65.72,43.97,54.84,0.26,0.1,0.1,0.68,1.15,1.56,3.44,6.3,9.11,11.98,14.48,15.36,12.86,10.52,4.9,3.85,2.24,0.78,0.26,0.05,0.0
545,2017-06-26,0.519,300.8,63.2,45.65,54.42,0.16,0.1,0.31,0.68,1.46,1.72,4.84,5.94,8.75,12.24,15.78,12.66,12.92,8.96,5.62,3.96,2.86,0.78,0.16,0.1,0.0
546,2017-07-03,0.509,301.09,61.46,45.51,53.49,0.1,0.16,0.68,1.3,1.3,3.7,3.91,6.72,9.9,12.86,13.28,12.19,10.21,9.22,5.52,4.58,3.23,0.83,0.16,0.16,0.0
547,2017-07-10,0.496,301.44,59.24,43.74,51.49,0.16,0.52,0.68,1.56,2.86,3.91,6.3,8.49,9.53,12.34,11.46,11.35,9.38,7.24,5.78,4.79,2.14,1.15,0.21,0.16,0.0
548,2017-07-17,0.48100000000000004,301.9,57.11,40.36,48.74,0.57,0.68,1.35,2.86,3.7,6.15,8.07,8.18,10.0,11.3,9.48,10.0,8.39,7.29,4.58,3.75,2.5,0.89,0.16,0.0,0.1
549,2017-07-24,0.46299999999999997,302.45,55.11,35.25,45.18,0.94,1.56,2.14,4.48,5.26,7.4,8.18,9.58,9.79,10.1,9.32,8.96,6.67,6.56,3.96,2.55,1.88,0.52,0.05,0.1,0.0
550,2017-07-31,0.441,302.97,52.72,28.51,40.62,1.98,2.45,4.43,6.2,6.67,7.81,9.17,11.15,8.91,9.32,8.91,6.77,5.94,4.79,2.34,2.03,0.78,0.31,0.05,0.0,0.0
551,2017-08-07,0.415,303.12,49.86,24.09,36.97,3.44,4.06,5.21,6.98,8.28,8.85,9.95,8.8,10.26,9.74,7.45,5.42,4.27,3.54,1.72,0.99,0.73,0.31,0.0,0.0,0.0
552,2017-08-14,0.39,302.84,45.6,23.16,34.38,5.26,4.38,6.77,7.45,8.54,9.27,9.38,11.25,9.38,8.49,6.35,4.64,3.44,2.34,1.46,0.78,0.52,0.31,0.0,0.0,0.0
553,2017-08-21,0.366,302.34,41.07,23.35,32.21,6.56,5.42,7.66,7.6,9.74,9.84,10.36,10.42,8.18,7.45,5.83,3.85,2.66,1.67,1.2,0.78,0.42,0.21,0.1,0.05,0.0
554,2017-08-28,0.345,301.91,37.14,20.9,29.02,8.7,6.56,7.92,9.27,11.25,10.21,10.94,8.96,8.12,6.04,4.84,2.19,2.34,1.04,0.52,0.68,0.16,0.21,0.0,0.0,0.05
555,2017-09-04,0.325,300.84,32.2,19.27,25.73,10.21,8.02,9.84,11.25,11.04,12.03,10.31,8.65,6.51,4.74,2.92,2.19,0.78,0.78,0.36,0.1,0.1,0.1,0.0,0.05,0.0
556,2017-09-11,0.307,299.08,28.28,23.06,25.66,7.3,7.66,10.37,12.51,13.34,12.51,11.52,8.39,6.04,4.43,2.34,1.77,0.73,0.73,0.0,0.21,0.0,0.1,0.05,0.0,0.0
557,2017-09-18,0.29100000000000004,297.07,26.0,28.63,27.31,3.65,6.41,8.91,12.3,15.32,13.97,12.04,10.37,6.15,4.95,2.5,1.82,0.52,0.52,0.31,0.0,0.16,0.05,0.05,0.0,0.0
558,2017-09-25,0.275,294.87,24.45,33.77,29.1,1.51,3.76,7.72,12.94,15.19,15.5,13.2,11.06,7.46,5.01,3.18,1.46,0.89,0.57,0.1,0.21,0.16,0.05,0.0,0.0,0.0
559,2017-10-02,0.262,292.58,24.45,39.03,31.73,0.63,2.14,4.76,9.15,14.74,16.94,15.94,11.76,9.3,6.64,3.61,1.99,0.99,0.68,0.37,0.21,0.1,0.05,0.0,0.0,0.0
560,2017-10-09,0.24600000000000002,289.79,24.78,45.53,35.13,0.37,1.31,1.73,5.56,11.69,14.74,17.2,15.1,12.38,8.5,5.4,2.52,1.99,1.0,0.26,0.05,0.05,0.05,0.05,0.0,0.05
561,2017-10-16,0.23199999999999998,286.67,26.17,50.86,38.47,0.16,0.47,1.48,3.69,7.54,12.92,17.61,14.55,12.55,8.86,8.65,5.96,3.16,1.69,0.32,0.16,0.05,0.05,0.11,0.0,0.05
562,2017-10-23,0.214,283.44,26.83,54.92,40.78,0.0,0.16,0.58,2.23,5.74,10.78,15.88,16.83,12.9,9.35,10.78,7.65,4.04,1.81,0.8,0.27,0.0,0.05,0.05,0.05,0.05
563,2017-10-30,0.2,280.58,26.51,51.44,38.89,0.0,0.37,1.01,3.57,8.21,14.55,15.83,14.77,10.71,8.37,9.54,6.93,3.46,1.65,0.53,0.27,0.05,0.0,0.11,0.0,0.05
564,2017-11-06,0.193,278.29,30.56,51.16,40.8,0.0,0.21,1.05,4.9,8.32,12.01,14.17,12.75,9.43,8.32,9.33,8.17,5.43,2.9,1.53,0.58,0.32,0.42,0.05,0.05,0.05
565,2017-11-13,0.188,276.64,33.0,49.32,41.11,0.05,0.42,1.79,5.01,9.23,11.23,12.55,12.02,9.8,7.54,8.75,9.01,4.96,3.43,1.95,0.79,0.63,0.47,0.21,0.05,0.11
566,2017-11-20,0.18600000000000003,275.28,35.62,45.44,40.53,0.05,0.79,2.2,6.08,10.17,11.9,11.85,10.12,9.39,7.6,9.18,6.92,5.72,2.73,2.25,1.26,0.79,0.79,0.1,0.05,0.05
567,2017-11-27,0.185,274.18,38.86,40.74,39.81,0.0,0.89,3.19,6.49,9.05,12.5,11.56,11.09,9.31,7.17,8.68,8.05,4.81,3.14,1.41,1.1,0.84,0.42,0.21,0.1,0.0
568,2017-12-04,0.175,272.85,41.19,34.52,37.85,0.05,1.1,4.02,6.68,11.01,13.62,11.74,10.12,9.49,8.19,9.23,4.85,4.33,2.61,1.15,0.73,0.78,0.26,0.05,0.0,0.0
569,2017-12-11,0.175,272.65,42.69,27.86,35.26,0.1,1.46,5.38,8.82,13.31,13.94,10.7,9.66,9.39,6.73,9.29,5.17,3.13,1.41,0.73,0.47,0.21,0.05,0.05,0.0,0.0
570,2017-12-18,0.18,272.74,47.81,21.31,34.56,0.1,1.1,3.55,9.92,12.9,15.72,11.7,11.02,8.77,6.79,11.12,4.33,1.51,0.89,0.47,0.05,0.05,0.0,0.0,0.0,0.0
571,2017-12-25,0.184,272.35,50.99,20.99,35.98,0.05,0.58,1.93,7.32,11.6,15.68,14.06,13.07,8.31,7.11,12.75,4.23,1.83,1.05,0.26,0.16,0.0,0.0,0.0,0.0,0.0
